지점,일시,기온(°C),강수량(mm),풍속(m/s),풍향(16방위),습도(%),증기압(hPa),이슬점온도(°C),현지기압(hPa),해면기압(hPa),일조(hr),일사(MJ/m2),적설(cm),3시간신적설(cm),전운량(10분위),중하층운량(10분위),운형(운형약어),최저운고(100m ),시정(10m),지면상태(지면상태코드),현상번호(국내식),지면온도(°C),5cm 지중온도(°C),10cm 지중온도(°C),20cm 지중온도(°C),30cm 지중온도(°C)
108,1952-01-01 06:00,-6.2,,1,320,84,,,,,,,,,,,,,,,,,,,,
108,1952-01-01 14:00,-2.7,,1.3,320,74,,,,,,,,,,,,,,,,,,,,
108,1952-01-01 22:00,-6.2,,0,0,82,,,,,,,,,,,,,,,,,,,,
108,1952-01-02 06:00,-9.4,,0,0,89,,,,,,,,,,,,,,,,,,,,
108,1952-01-02 14:00,-1.5,,.8,270,64,,,,,,,,,,,,,,,,,,,,
108,1952-01-02 22:00,-2.8,,0,0,76,,,,,,,,,,,,,,,,,,,,
108,1952-01-03 06:00,-3.5,,0,0,81,,,,,,,,,,,,,,,,,,,,
108,1952-01-03 14:00,1.9,,1.5,230,65,,,,,,,,,,,,,,,,,,,,
108,1952-01-03 22:00,-3.1,,0,0,76,,,,,,,,,,,,,,,,,,,,
108,1952-01-04 06:00,-3,,.7,50,86,,,,,,,,,,,,,,,,,,,,
108,1952-01-04 14:00,3.3,,1.5,320,72,,,,,,,,,,,,,,,,,,,,
108,1952-01-04 22:00,-1.3,,3.3,270,90,,,,,,,,,,,,,,,,,,,,
108,1952-01-05 06:00,-7.5,,.7,230,93,,,,,,,,,,,,,,,,,,,,
108,1952-01-05 14:00,-1.8,,1.7,270,90,,,,,,,,,,,,,,,,,,,,
108,1952-01-05 22:00,-6.3,,0,0,87,,,,,,,,,,,,,,,,,,,,
108,1952-01-06 06:00,-7.4,,0,0,93,,,,,,,,,,,,,,,,,,,,
108,1952-01-06 14:00,0,,4.5,270,84,,,,,,,,,,,,,,,,,,,,
108,1952-01-06 22:00,-5.5,,1,320,85,,,,,,,,,,,,,,,,,,,,
108,1952-01-07 06:00,-10.7,,1,320,92,,,,,,,,,,,,,,,,,,,,
108,1952-01-07 14:00,-5.6,,1.7,320,53,,,,,,,,,,,,,,,,,,,,
108,1952-01-07 22:00,-6.5,,0,0,64,,,,,,,,,,,,,,,,,,,,
108,1952-01-08 06:00,-9.8,,1.5,320,82,,,,,,,,,,,,,,,,,,,,
108,1952-01-08 14:00,-4.7,,6,320,51,,,,,,,,,,,,,,,,,,,,
108,1952-01-08 22:00,-7.5,,1,320,74,,,,,,,,,,,,,,,,,,,,
108,1952-01-09 06:00,-11.6,,0,0,84,,,,,,,,,,,,,,,,,,,,
108,1952-01-09 14:00,.5,,1,90,84,,,,,,,,,,,,,,,,,,,,
108,1952-01-09 22:00,-1.6,,0,0,90,,,,,,,,,,,,,,,,,,,,
108,1952-01-10 06:00,-1.8,,0,0,92,,,,,,,,,,,,,,,,,,,,
108,1952-01-10 14:00,1,,.7,50,80,,,,,,,,,,,,,,,,,,,,
108,1952-01-10 22:00,-2.2,,6,270,84,,,,,,,,,,,,,,,,,,,,
108,1952-01-11 06:00,-8.6,,2,320,80,,,,,,,,,,,,,,,,,,,,
108,1952-01-11 14:00,-3.3,,7.5,320,66,,,,,,,,,,,,,,,,,,,,
108,1952-01-11 22:00,-9,,6,320,75,,,,,,,,,,,,,,,,,,,,
108,1952-01-12 06:00,-13.1,,1,320,78,,,,,,,,,,,,,,,,,,,,
108,1952-01-12 14:00,-4.1,,3,320,65,,,,,,,,,,,,,,,,,,,,
108,1952-01-12 22:00,-7.6,,1.5,320,75,,,,,,,,,,,,,,,,,,,,
108,1952-01-13 06:00,-9.8,,0,0,74,,,,,,,,,,,,,,,,,,,,
108,1952-01-13 14:00,1,,.7,90,80,,,,,,,,,,,,,,,,,,,,
108,1952-01-13 22:00,-2.8,,.8,320,87,,,,,,,,,,,,,,,,,,,,
108,1952-01-14 06:00,-4,,1,70,92,,,,,,,,,,,,,,,,,,,,
108,1952-01-14 14:00,2.5,,1.5,270,62,,,,,,,,,,,,,,,,,,,,
108,1952-01-14 22:00,0,,3.3,270,94,,,,,,,,,,,,,,,,,,,,
108,1952-01-15 06:00,-7.4,,3,320,84,,,,,,,,,,,,,,,,,,,,
108,1952-01-15 14:00,-3.5,,7,290,61,,,,,,,,,,,,,,,,,,,,
108,1952-01-15 22:00,-2.8,,0,0,74,,,,,,,,,,,,,,,,,,,,
108,1952-01-16 06:00,-3,,1,270,84,,,,,,,,,,,,,,,,,,,,
108,1952-01-16 14:00,4.3,,4.5,270,63,,,,,,,,,,,,,,,,,,,,
108,1952-01-16 22:00,-1.5,,2.5,290,76,,,,,,,,,,,,,,,,,,,,
108,1952-01-17 06:00,-5,,1,320,86,,,,,,,,,,,,,,,,,,,,
108,1952-01-17 14:00,.4,,6,270,65,,,,,,,,,,,,,,,,,,,,
108,1952-01-17 22:00,-7.5,,9,320,53,,,,,,,,,,,,,,,,,,,,
108,1952-01-18 06:00,-13,,1,320,78,,,,,,,,,,,,,,,,,,,,
108,1952-01-18 14:00,-8.7,,3.3,320,62,,,,,,,,,,,,,,,,,,,,
108,1952-01-18 22:00,-6,,0,0,76,,,,,,,,,,,,,,,,,,,,
108,1952-01-19 06:00,-6.3,,1.3,50,84,,,,,,,,,,,,,,,,,,,,
108,1952-01-19 14:00,5,,4,270,48,,,,,,,,,,,,,,,,,,,,
108,1952-01-19 22:00,0,,0,0,96,,,,,,,,,,,,,,,,,,,,
108,1952-01-20 06:00,-3.3,,1,50,95,,,,,,,,,,,,,,,,,,,,
108,1952-01-20 14:00,4.8,,1.5,140,64,,,,,,,,,,,,,,,,,,,,
108,1952-01-20 22:00,2.6,,0,0,79,,,,,,,,,,,,,,,,,,,,
108,1952-01-21 06:00,.4,,6,270,79,,,,,,,,,,,,,,,,,,,,
108,1952-01-21 14:00,2.1,,9.7,290,79,,,,,,,,,,,,,,,,,,,,
108,1952-01-21 22:00,-.8,,1.3,230,86,,,,,,,,,,,,,,,,,,,,
108,1952-01-22 06:00,-3.8,,.8,90,89,,,,,,,,,,,,,,,,,,,,
108,1952-01-22 14:00,2.9,,6,270,58,,,,,,,,,,,,,,,,,,,,
108,1952-01-22 22:00,1,,3.3,270,73,,,,,,,,,,,,,,,,,,,,
108,1952-01-23 06:00,-5.1,,0,0,77,,,,,,,,,,,,,,,,,,,,
108,1952-01-23 14:00,1.7,,2.5,230,80,,,,,,,,,,,,,,,,,,,,
108,1952-01-23 22:00,-1.8,,0,0,80,,,,,,,,,,,,,,,,,,,,
108,1952-01-24 06:00,-3.9,,1,90,86,,,,,,,,,,,,,,,,,,,,
108,1952-01-24 14:00,5.3,,3.3,230,69,,,,,,,,,,,,,,,,,,,,
108,1952-01-24 22:00,-8.5,,8.3,270,70,,,,,,,,,,,,,,,,,,,,
108,1952-01-25 06:00,-15.7,,4,320,59,,,,,,,,,,,,,,,,,,,,
108,1952-01-25 14:00,-10,,4.5,320,64,,,,,,,,,,,,,,,,,,,,
108,1952-01-25 22:00,-11.5,,0,0,64,,,,,,,,,,,,,,,,,,,,
108,1952-01-26 06:00,-13.3,,0,0,86,,,,,,,,,,,,,,,,,,,,
108,1952-01-26 14:00,-3,,.5,90,76,,,,,,,,,,,,,,,,,,,,
108,1952-01-26 22:00,-3.2,,1.5,50,86,,,,,,,,,,,,,,,,,,,,
108,1952-01-27 06:00,-3.3,,2,50,84,,,,,,,,,,,,,,,,,,,,
108,1952-01-27 14:00,1.8,,3,50,63,,,,,,,,,,,,,,,,,,,,
108,1952-01-27 22:00,1.5,,0,0,78,,,,,,,,,,,,,,,,,,,,
108,1952-01-28 06:00,4,,1,230,86,,,,,,,,,,,,,,,,,,,,
108,1952-01-28 14:00,2.4,,4.2,270,85,,,,,,,,,,,,,,,,,,,,
108,1952-01-28 22:00,0,,0,0,94,,,,,,,,,,,,,,,,,,,,
108,1952-01-29 06:00,-.3,,1,230,96,,,,,,,,,,,,,,,,,,,,
108,1952-01-29 14:00,2.8,,3,270,71,,,,,,,,,,,,,,,,,,,,
108,1952-01-29 22:00,-4,,5,270,73,,,,,,,,,,,,,,,,,,,,
108,1952-01-30 06:00,-7.7,,2,320,75,,,,,,,,,,,,,,,,,,,,
108,1952-01-30 14:00,-3,,6,270,55,,,,,,,,,,,,,,,,,,,,
108,1952-01-30 22:00,-8.2,,3.3,270,73,,,,,,,,,,,,,,,,,,,,
108,1952-01-31 06:00,-11.6,,.8,270,81,,,,,,,,,,,,,,,,,,,,
108,1952-01-31 14:00,-2,,1,110,66,,,,,,,,,,,,,,,,,,,,
108,1952-01-31 22:00,-5.2,,0,0,69,,,,,,,,,,,,,,,,,,,,
108,1952-02-01 06:00,-7,,0,0,78,,,,,,,,,,,,,,,,,,,,
108,1952-02-01 14:00,-3.5,,1,50,92,,,,,,,,,,,,,,,,,,,,
108,1952-02-01 22:00,-9.5,,6,320,66,,,,,,,,,,,,,,,,,,,,
108,1952-02-02 06:00,-14.3,,1,320,68,,,,,,,,,,,,,,,,,,,,
108,1952-02-02 14:00,-9.5,,4,290,52,,,,,,,,,,,,,,,,,,,,
108,1952-02-02 22:00,-12.7,,.8,320,66,,,,,,,,,,,,,,,,,,,,
108,1952-02-03 06:00,-15.5,,0,0,75,,,,,,,,,,,,,,,,,,,,
108,1952-02-03 14:00,-6.5,,4,320,55,,,,,,,,,,,,,,,,,,,,
108,1952-02-03 22:00,-9.7,,0,0,64,,,,,,,,,,,,,,,,,,,,
108,1952-02-04 06:00,-13.6,,1.5,320,73,,,,,,,,,,,,,,,,,,,,
108,1952-02-04 14:00,-8.6,,7,320,63,,,,,,,,,,,,,,,,,,,,
108,1952-02-04 22:00,-12.7,,1,320,71,,,,,,,,,,,,,,,,,,,,
108,1952-02-05 06:00,-15.3,,1,320,75,,,,,,,,,,,,,,,,,,,,
108,1952-02-05 14:00,-4.8,,5,270,56,,,,,,,,,,,,,,,,,,,,
108,1952-02-05 22:00,-8.7,,3,320,73,,,,,,,,,,,,,,,,,,,,
108,1952-02-06 06:00,-12.6,,2,50,83,,,,,,,,,,,,,,,,,,,,
108,1952-02-06 14:00,-.6,,3,50,78,,,,,,,,,,,,,,,,,,,,
108,1952-02-06 22:00,-1.8,,0,0,85,,,,,,,,,,,,,,,,,,,,
108,1952-02-07 06:00,-3.5,,0,0,95,,,,,,,,,,,,,,,,,,,,
108,1952-02-07 14:00,3.2,,3.3,290,48,,,,,,,,,,,,,,,,,,,,
108,1952-02-07 22:00,-1.8,,0,0,85,,,,,,,,,,,,,,,,,,,,
108,1952-02-08 06:00,-2,,1.7,50,87,,,,,,,,,,,,,,,,,,,,
108,1952-02-08 14:00,2,,2,270,77,,,,,,,,,,,,,,,,,,,,
108,1952-02-08 22:00,-1.7,,2,270,66,,,,,,,,,,,,,,,,,,,,
108,1952-02-09 06:00,-5.4,,.3,0,94,,,,,,,,,,,,,,,,,,,,
108,1952-02-09 14:00,3.6,,5,250,86,,,,,,,,,,,,,,,,,,,,
108,1952-02-09 22:00,-1.6,,2,320,89,,,,,,,,,,,,,,,,,,,,
108,1952-02-10 06:00,-2.7,,0,0,86,,,,,,,,,,,,,,,,,,,,
108,1952-02-10 14:00,2.1,,7,250,44,,,,,,,,,,,,,,,,,,,,
108,1952-02-10 22:00,-1.5,,0,0,68,,,,,,,,,,,,,,,,,,,,
108,1952-02-11 06:00,-3.8,,0,0,84,,,,,,,,,,,,,,,,,,,,
108,1952-02-11 14:00,6.6,,4,230,50,,,,,,,,,,,,,,,,,,,,
108,1952-02-11 22:00,.9,,.5,0,96,,,,,,,,,,,,,,,,,,,,
108,1952-02-12 06:00,.4,,2,50,96,,,,,,,,,,,,,,,,,,,,
108,1952-02-12 14:00,6.2,,4.2,50,78,,,,,,,,,,,,,,,,,,,,
108,1952-02-12 22:00,2.5,,1,290,85,,,,,,,,,,,,,,,,,,,,
108,1952-02-13 06:00,-3.2,,0,0,79,,,,,,,,,,,,,,,,,,,,
108,1952-02-13 14:00,4.1,,1,320,41,,,,,,,,,,,,,,,,,,,,
108,1952-02-13 22:00,1.8,,0,0,71,,,,,,,,,,,,,,,,,,,,
108,1952-02-14 06:00,.8,,0,0,74,,,,,,,,,,,,,,,,,,,,
108,1952-02-14 14:00,8.4,,1,250,56,,,,,,,,,,,,,,,,,,,,
108,1952-02-14 22:00,3.5,,0,0,74,,,,,,,,,,,,,,,,,,,,
108,1952-02-15 06:00,.8,,0,0,88,,,,,,,,,,,,,,,,,,,,
108,1952-02-15 14:00,5.8,,1.5,50,75,,,,,,,,,,,,,,,,,,,,
108,1952-02-15 22:00,0,,0,0,94,,,,,,,,,,,,,,,,,,,,
108,1952-02-16 06:00,-5.8,,4.2,320,65,,,,,,,,,,,,,,,,,,,,
108,1952-02-16 14:00,-2.6,,3.3,320,60,,,,,,,,,,,,,,,,,,,,
108,1952-02-16 22:00,-9.2,,4,320,72,,,,,,,,,,,,,,,,,,,,
108,1952-02-17 06:00,-11,,1,320,80,,,,,,,,,,,,,,,,,,,,
108,1952-02-17 14:00,-5.2,,6,320,30,,,,,,,,,,,,,,,,,,,,
108,1952-02-17 22:00,-6.5,,1,320,55,,,,,,,,,,,,,,,,,,,,
108,1952-02-18 06:00,-9.6,,.8,290,79,,,,,,,,,,,,,,,,,,,,
108,1952-02-18 14:00,-5,,2.5,320,46,,,,,,,,,,,,,,,,,,,,
108,1952-02-18 22:00,-7.3,,3.3,320,75,,,,,,,,,,,,,,,,,,,,
108,1952-02-19 06:00,-11.3,,0,0,72,,,,,,,,,,,,,,,,,,,,
108,1952-02-19 14:00,-.5,,5,270,65,,,,,,,,,,,,,,,,,,,,
108,1952-02-19 22:00,-4.7,,1,270,69,,,,,,,,,,,,,,,,,,,,
108,1952-02-20 06:00,-7,,0,0,46,,,,,,,,,,,,,,,,,,,,
108,1952-02-20 14:00,-.3,,6,320,38,,,,,,,,,,,,,,,,,,,,
108,1952-02-20 22:00,-4,,1,320,50,,,,,,,,,,,,,,,,,,,,
108,1952-02-21 06:00,-5,,0,0,88,,,,,,,,,,,,,,,,,,,,
108,1952-02-21 14:00,3.4,,7,270,55,,,,,,,,,,,,,,,,,,,,
108,1952-02-21 22:00,-.3,,0,0,72,,,,,,,,,,,,,,,,,,,,
108,1952-02-22 06:00,-3,,.8,320,95,,,,,,,,,,,,,,,,,,,,
108,1952-02-22 14:00,-1.7,,2,270,83,,,,,,,,,,,,,,,,,,,,
108,1952-02-22 22:00,-8.6,,5,320,73,,,,,,,,,,,,,,,,,,,,
108,1952-02-23 06:00,-11.4,,1.5,320,76,,,,,,,,,,,,,,,,,,,,
108,1952-02-23 14:00,-4,,2.5,320,60,,,,,,,,,,,,,,,,,,,,
108,1952-02-23 22:00,-6,,1.7,320,62,,,,,,,,,,,,,,,,,,,,
108,1952-02-24 06:00,-8.3,,.8,90,73,,,,,,,,,,,,,,,,,,,,
108,1952-02-24 14:00,.7,,.7,270,84,,,,,,,,,,,,,,,,,,,,
108,1952-02-24 22:00,-3,,0,0,81,,,,,,,,,,,,,,,,,,,,
108,1952-02-25 06:00,-3.5,,3,50,92,,,,,,,,,,,,,,,,,,,,
108,1952-02-25 14:00,-1.2,,4,50,93,,,,,,,,,,,,,,,,,,,,
108,1952-02-25 22:00,-1.2,,1.5,50,92,,,,,,,,,,,,,,,,,,,,
108,1952-02-26 06:00,-1.5,,0,0,87,,,,,,,,,,,,,,,,,,,,
108,1952-02-26 14:00,.8,,.8,270,68,,,,,,,,,,,,,,,,,,,,
108,1952-02-26 22:00,-.4,,.8,360,83,,,,,,,,,,,,,,,,,,,,
108,1952-02-27 06:00,-2.7,,0,0,92,,,,,,,,,,,,,,,,,,,,
108,1952-02-27 14:00,1.9,,1.7,230,62,,,,,,,,,,,,,,,,,,,,
108,1952-02-27 22:00,-2.9,,0,0,69,,,,,,,,,,,,,,,,,,,,
108,1952-02-28 06:00,-6.3,,0,0,84,,,,,,,,,,,,,,,,,,,,
108,1952-02-28 14:00,1.7,,1.7,270,59,,,,,,,,,,,,,,,,,,,,
108,1952-02-28 22:00,-.6,,0,0,76,,,,,,,,,,,,,,,,,,,,
108,1952-02-29 06:00,-5,,0,0,85,,,,,,,,,,,,,,,,,,,,
108,1952-02-29 14:00,4.7,,.8,270,40,,,,,,,,,,,,,,,,,,,,
108,1952-02-29 22:00,.1,,1,320,68,,,,,,,,,,,,,,,,,,,,
108,1952-03-01 06:00,-1.6,,.8,270,87,,,,,,,,,,,,,,,,,,,,
108,1952-03-01 14:00,2.3,,2.5,270,46,,,,,,,,,,,,,,,,,,,,
108,1952-03-01 22:00,-1.8,,1.7,320,82,,,,,,,,,,,,,,,,,,,,
108,1952-03-02 06:00,-2.2,,1.7,270,92,,,,,,,,,,,,,,,,,,,,
108,1952-03-02 14:00,4.1,,1.5,270,45,,,,,,,,,,,,,,,,,,,,
108,1952-03-02 22:00,1,,1.7,360,90,,,,,,,,,,,,,,,,,,,,
108,1952-03-03 06:00,-2.6,,2.5,270,84,,,,,,,,,,,,,,,,,,,,
108,1952-03-03 14:00,-2.8,,6,290,57,,,,,,,,,,,,,,,,,,,,
108,1952-03-03 22:00,-5.5,,1.5,320,57,,,,,,,,,,,,,,,,,,,,
108,1952-03-04 06:00,-7.8,,1.7,270,62,,,,,,,,,,,,,,,,,,,,
108,1952-03-04 14:00,-2,,1.2,290,48,,,,,,,,,,,,,,,,,,,,
108,1952-03-04 22:00,-4.5,,0,0,59,,,,,,,,,,,,,,,,,,,,
108,1952-03-05 06:00,-7.7,,.8,50,68,,,,,,,,,,,,,,,,,,,,
108,1952-03-05 14:00,3,,.8,50,49,,,,,,,,,,,,,,,,,,,,
108,1952-03-05 22:00,.8,,0,0,61,,,,,,,,,,,,,,,,,,,,
108,1952-03-06 06:00,-3.8,,0,0,63,,,,,,,,,,,,,,,,,,,,
108,1952-03-06 14:00,9,,1,140,36,,,,,,,,,,,,,,,,,,,,
108,1952-03-06 22:00,4,,0,0,51,,,,,,,,,,,,,,,,,,,,
108,1952-03-07 06:00,3.2,,1.5,50,60,,,,,,,,,,,,,,,,,,,,
108,1952-03-07 14:00,6.8,,1.5,50,61,,,,,,,,,,,,,,,,,,,,
108,1952-03-07 22:00,3.7,,1.7,50,67,,,,,,,,,,,,,,,,,,,,
108,1952-03-08 06:00,.7,,1,50,78,,,,,,,,,,,,,,,,,,,,
108,1952-03-08 14:00,3.5,,1.7,230,94,,,,,,,,,,,,,,,,,,,,
108,1952-03-08 22:00,.7,,0,0,89,,,,,,,,,,,,,,,,,,,,
108,1952-03-09 06:00,-1,,1.7,270,87,,,,,,,,,,,,,,,,,,,,
108,1952-03-09 14:00,5.9,,3,230,48,,,,,,,,,,,,,,,,,,,,
108,1952-03-09 22:00,1.7,,0,0,59,,,,,,,,,,,,,,,,,,,,
108,1952-03-10 06:00,-3,,3,270,81,,,,,,,,,,,,,,,,,,,,
108,1952-03-10 14:00,3.2,,6,270,62,,,,,,,,,,,,,,,,,,,,
108,1952-03-10 22:00,-2.8,,5,290,71,,,,,,,,,,,,,,,,,,,,
108,1952-03-11 06:00,-5.2,,1,320,82,,,,,,,,,,,,,,,,,,,,
108,1952-03-11 14:00,1.7,,5,320,52,,,,,,,,,,,,,,,,,,,,
108,1952-03-11 22:00,-1.2,,1.7,270,64,,,,,,,,,,,,,,,,,,,,
108,1952-03-12 06:00,-4.8,,0,0,83,,,,,,,,,,,,,,,,,,,,
108,1952-03-12 14:00,5.5,,2,270,45,,,,,,,,,,,,,,,,,,,,
108,1952-03-12 22:00,.5,,0,0,76,,,,,,,,,,,,,,,,,,,,
108,1952-03-13 06:00,-1.1,,0,0,69,,,,,,,,,,,,,,,,,,,,
108,1952-03-13 14:00,7.7,,1,90,37,,,,,,,,,,,,,,,,,,,,
108,1952-03-13 22:00,1.8,,1,230,83,,,,,,,,,,,,,,,,,,,,
108,1952-03-14 06:00,-1.3,,0,0,78,,,,,,,,,,,,,,,,,,,,
108,1952-03-14 14:00,9,,1.7,270,45,,,,,,,,,,,,,,,,,,,,
108,1952-03-14 22:00,3.1,,0,0,80,,,,,,,,,,,,,,,,,,,,
108,1952-03-15 06:00,-1.1,,.7,90,74,,,,,,,,,,,,,,,,,,,,
108,1952-03-15 14:00,10.7,,3,290,49,,,,,,,,,,,,,,,,,,,,
108,1952-03-15 22:00,3.3,,0,0,89,,,,,,,,,,,,,,,,,,,,
108,1952-03-16 06:00,.6,,0,0,88,,,,,,,,,,,,,,,,,,,,
108,1952-03-16 14:00,13.8,,3,270,42,,,,,,,,,,,,,,,,,,,,
108,1952-03-16 22:00,6.5,,0,0,66,,,,,,,,,,,,,,,,,,,,
108,1952-03-17 06:00,.7,,0,0,86,,,,,,,,,,,,,,,,,,,,
108,1952-03-17 14:00,15.2,,.8,50,42,,,,,,,,,,,,,,,,,,,,
108,1952-03-17 22:00,9,,0,0,61,,,,,,,,,,,,,,,,,,,,
108,1952-03-18 06:00,4,,0,0,66,,,,,,,,,,,,,,,,,,,,
108,1952-03-18 14:00,11.2,,1,50,60,,,,,,,,,,,,,,,,,,,,
108,1952-03-18 22:00,7.5,,0,0,85,,,,,,,,,,,,,,,,,,,,
108,1952-03-19 06:00,1.8,,1.7,50,90,,,,,,,,,,,,,,,,,,,,
108,1952-03-19 14:00,7.3,,1,50,53,,,,,,,,,,,,,,,,,,,,
108,1952-03-19 22:00,2.1,,5,320,56,,,,,,,,,,,,,,,,,,,,
108,1952-03-20 06:00,-1.5,,1.5,270,78,,,,,,,,,,,,,,,,,,,,
108,1952-03-20 14:00,6.7,,5,230,57,,,,,,,,,,,,,,,,,,,,
108,1952-03-20 22:00,3.5,,1,270,87,,,,,,,,,,,,,,,,,,,,
108,1952-03-21 06:00,2.3,,0,0,90,,,,,,,,,,,,,,,,,,,,
108,1952-03-21 14:00,8.3,,4,250,61,,,,,,,,,,,,,,,,,,,,
108,1952-03-21 22:00,6,,0,0,87,,,,,,,,,,,,,,,,,,,,
108,1952-03-22 06:00,3.2,,0,0,85,,,,,,,,,,,,,,,,,,,,
108,1952-03-22 14:00,8,,1,230,78,,,,,,,,,,,,,,,,,,,,
108,1952-03-22 22:00,1,,1.7,230,70,,,,,,,,,,,,,,,,,,,,
108,1952-03-23 06:00,0,,8.3,270,57,,,,,,,,,,,,,,,,,,,,
108,1952-03-23 14:00,5.8,,6.7,270,40,,,,,,,,,,,,,,,,,,,,
108,1952-03-23 22:00,-.6,,8.5,290,51,,,,,,,,,,,,,,,,,,,,
108,1952-03-24 06:00,-2.8,,3.3,270,55,,,,,,,,,,,,,,,,,,,,
108,1952-03-24 14:00,8,,1.7,270,40,,,,,,,,,,,,,,,,,,,,
108,1952-03-24 22:00,4.5,,1.3,50,64,,,,,,,,,,,,,,,,,,,,
108,1952-03-25 06:00,-.2,,.7,50,83,,,,,,,,,,,,,,,,,,,,
108,1952-03-25 14:00,12,,2,230,42,,,,,,,,,,,,,,,,,,,,
108,1952-03-25 22:00,4.4,,0,0,73,,,,,,,,,,,,,,,,,,,,
108,1952-03-26 06:00,.8,,0,0,86,,,,,,,,,,,,,,,,,,,,
108,1952-03-26 14:00,8.4,,2,270,54,,,,,,,,,,,,,,,,,,,,
108,1952-03-26 22:00,4.8,,1,270,70,,,,,,,,,,,,,,,,,,,,
108,1952-03-27 06:00,3.5,,0,0,96,,,,,,,,,,,,,,,,,,,,
108,1952-03-27 14:00,6.5,,1.7,270,75,,,,,,,,,,,,,,,,,,,,
108,1952-03-27 22:00,4,,0,0,79,,,,,,,,,,,,,,,,,,,,
108,1952-03-28 06:00,-1.6,,0,0,87,,,,,,,,,,,,,,,,,,,,
108,1952-03-28 14:00,8.5,,1.5,270,65,,,,,,,,,,,,,,,,,,,,
108,1952-03-28 22:00,3.3,,1.5,270,93,,,,,,,,,,,,,,,,,,,,
108,1952-03-29 06:00,1,,0,0,98,,,,,,,,,,,,,,,,,,,,
108,1952-03-29 14:00,10.3,,1.7,230,64,,,,,,,,,,,,,,,,,,,,
108,1952-03-29 22:00,5.5,,1,230,91,,,,,,,,,,,,,,,,,,,,
108,1952-03-30 06:00,3.7,,0,0,96,,,,,,,,,,,,,,,,,,,,
108,1952-03-30 14:00,16,,0,0,59,,,,,,,,,,,,,,,,,,,,
108,1952-03-30 22:00,10.8,,1.7,270,74,,,,,,,,,,,,,,,,,,,,
108,1952-03-31 06:00,6.5,,.7,270,87,,,,,,,,,,,,,,,,,,,,
108,1952-03-31 14:00,13,,.8,270,59,,,,,,,,,,,,,,,,,,,,
108,1952-03-31 22:00,5.5,,0,0,74,,,,,,,,,,,,,,,,,,,,
108,1952-04-01 06:00,4,,2.5,270,82,,,,,,,,,,,,,,,,,,,,
108,1952-04-01 14:00,11.5,,4.2,270,48,,,,,,,,,,,,,,,,,,,,
108,1952-04-01 22:00,6.2,,1.5,320,52,,,,,,,,,,,,,,,,,,,,
108,1952-04-02 06:00,1.5,,2,270,86,,,,,,,,,,,,,,,,,,,,
108,1952-04-02 14:00,12.5,,6.7,320,39,,,,,,,,,,,,,,,,,,,,
108,1952-04-02 22:00,6.5,,2.5,270,76,,,,,,,,,,,,,,,,,,,,
108,1952-04-03 06:00,2.5,,2,50,82,,,,,,,,,,,,,,,,,,,,
108,1952-04-03 14:00,15.6,,5,230,37,,,,,,,,,,,,,,,,,,,,
108,1952-04-03 22:00,7.4,,0,0,60,,,,,,,,,,,,,,,,,,,,
108,1952-04-04 06:00,4.3,,.8,360,78,,,,,,,,,,,,,,,,,,,,
108,1952-04-04 14:00,15.7,,1.5,320,33,,,,,,,,,,,,,,,,,,,,
108,1952-04-04 22:00,7.8,,2.5,270,54,,,,,,,,,,,,,,,,,,,,
108,1952-04-05 06:00,3.2,,.8,360,78,,,,,,,,,,,,,,,,,,,,
108,1952-04-05 14:00,18.2,,1.5,230,37,,,,,,,,,,,,,,,,,,,,
108,1952-04-05 22:00,10.4,,0,0,46,,,,,,,,,,,,,,,,,,,,
108,1952-04-06 06:00,6.8,,.8,50,66,,,,,,,,,,,,,,,,,,,,
108,1952-04-06 14:00,18.2,,2.5,230,36,,,,,,,,,,,,,,,,,,,,
108,1952-04-06 22:00,10.8,,0,0,64,,,,,,,,,,,,,,,,,,,,
108,1952-04-07 06:00,9.8,,0,0,78,,,,,,,,,,,,,,,,,,,,
108,1952-04-07 14:00,13.8,,.8,50,86,,,,,,,,,,,,,,,,,,,,
108,1952-04-07 22:00,13.2,,0,0,94,,,,,,,,,,,,,,,,,,,,
108,1952-04-08 06:00,11.3,,0,0,100,,,,,,,,,,,,,,,,,,,,
108,1952-04-08 14:00,20.7,,2.5,230,64,,,,,,,,,,,,,,,,,,,,
108,1952-04-08 22:00,13.8,,0,0,84,,,,,,,,,,,,,,,,,,,,
108,1952-04-09 06:00,8.4,,0,0,94,,,,,,,,,,,,,,,,,,,,
108,1952-04-09 14:00,20,,2.5,200,40,,,,,,,,,,,,,,,,,,,,
108,1952-04-09 22:00,11.8,,0,0,85,,,,,,,,,,,,,,,,,,,,
108,1952-04-10 06:00,9.8,,0,0,94,,,,,,,,,,,,,,,,,,,,
108,1952-04-10 14:00,21.8,,2.5,20,40,,,,,,,,,,,,,,,,,,,,
108,1952-04-10 22:00,17.6,,0,0,50,,,,,,,,,,,,,,,,,,,,
108,1952-04-11 06:00,13.2,,1.7,50,75,,,,,,,,,,,,,,,,,,,,
108,1952-04-11 14:00,19.5,,4.1,20,46,,,,,,,,,,,,,,,,,,,,
108,1952-04-11 22:00,15,,0,0,98,,,,,,,,,,,,,,,,,,,,
108,1952-04-12 06:00,10,,.8,270,100,,,,,,,,,,,,,,,,,,,,
108,1952-04-12 14:00,14,,1.6,230,82,,,,,,,,,,,,,,,,,,,,
108,1952-04-12 22:00,11.5,,.8,230,86,,,,,,,,,,,,,,,,,,,,
108,1952-04-13 06:00,8,,2.5,320,78,,,,,,,,,,,,,,,,,,,,
108,1952-04-13 14:00,15.2,,.8,230,51,,,,,,,,,,,,,,,,,,,,
108,1952-04-13 22:00,10,,.8,50,79,,,,,,,,,,,,,,,,,,,,
108,1952-04-14 06:00,6.5,,.8,50,84,,,,,,,,,,,,,,,,,,,,
108,1952-04-14 14:00,16,,4,50,54,,,,,,,,,,,,,,,,,,,,
108,1952-04-14 22:00,9,,6,230,69,,,,,,,,,,,,,,,,,,,,
108,1952-04-15 06:00,6.5,,.8,230,84,,,,,,,,,,,,,,,,,,,,
108,1952-04-15 14:00,9.5,,5,320,54,,,,,,,,,,,,,,,,,,,,
108,1952-04-15 22:00,5.8,,.8,230,69,,,,,,,,,,,,,,,,,,,,
108,1952-04-16 06:00,4.5,,0,0,83,,,,,,,,,,,,,,,,,,,,
108,1952-04-16 14:00,17,,4,180,39,,,,,,,,,,,,,,,,,,,,
108,1952-04-16 22:00,15.8,,.8,230,35,,,,,,,,,,,,,,,,,,,,
108,1952-04-17 06:00,14.5,,6.7,230,75,,,,,,,,,,,,,,,,,,,,
108,1952-04-17 14:00,12.4,,4,200,76,,,,,,,,,,,,,,,,,,,,
108,1952-04-17 22:00,7.1,,4,50,71,,,,,,,,,,,,,,,,,,,,
108,1952-04-18 06:00,5.5,,2.5,320,69,,,,,,,,,,,,,,,,,,,,
108,1952-04-18 14:00,12.2,,2.5,230,44,,,,,,,,,,,,,,,,,,,,
108,1952-04-18 22:00,6.5,,.8,230,70,,,,,,,,,,,,,,,,,,,,
108,1952-04-19 06:00,5.7,,0,0,73,,,,,,,,,,,,,,,,,,,,
108,1952-04-19 14:00,4.5,,.8,50,93,,,,,,,,,,,,,,,,,,,,
108,1952-04-19 22:00,4.2,,0,0,96,,,,,,,,,,,,,,,,,,,,
108,1952-04-20 06:00,2,,0,0,96,,,,,,,,,,,,,,,,,,,,
108,1952-04-20 14:00,15.8,,.8,200,53,,,,,,,,,,,,,,,,,,,,
108,1952-04-20 22:00,15.5,,.8,230,96,,,,,,,,,,,,,,,,,,,,
108,1952-04-21 06:00,6.6,,2.5,270,78,,,,,,,,,,,,,,,,,,,,
108,1952-04-21 14:00,12.5,,2.5,270,36,,,,,,,,,,,,,,,,,,,,
108,1952-04-21 22:00,12.2,,0,0,38,,,,,,,,,,,,,,,,,,,,
108,1952-04-22 06:00,5.7,,.8,50,73,,,,,,,,,,,,,,,,,,,,
108,1952-04-22 14:00,12.9,,.8,320,47,,,,,,,,,,,,,,,,,,,,
108,1952-04-22 22:00,8.5,,1.5,320,67,,,,,,,,,,,,,,,,,,,,
108,1952-04-23 06:00,6.2,,.3,0,74,,,,,,,,,,,,,,,,,,,,
108,1952-04-23 14:00,15.2,,.8,20,42,,,,,,,,,,,,,,,,,,,,
108,1952-04-23 22:00,11,,.8,50,57,,,,,,,,,,,,,,,,,,,,
108,1952-04-24 06:00,7.5,,.8,50,76,,,,,,,,,,,,,,,,,,,,
108,1952-04-24 14:00,18.6,,4.2,110,37,,,,,,,,,,,,,,,,,,,,
108,1952-04-24 22:00,13.1,,0,0,68,,,,,,,,,,,,,,,,,,,,
108,1952-04-25 06:00,10.1,,.8,50,63,,,,,,,,,,,,,,,,,,,,
108,1952-04-25 14:00,16.2,,.8,270,47,,,,,,,,,,,,,,,,,,,,
108,1952-04-25 22:00,9.3,,0,0,81,,,,,,,,,,,,,,,,,,,,
108,1952-04-26 06:00,7,,.8,20,92,,,,,,,,,,,,,,,,,,,,
108,1952-04-26 14:00,11.8,,.8,230,63,,,,,,,,,,,,,,,,,,,,
108,1952-04-26 22:00,10.2,,0,0,83,,,,,,,,,,,,,,,,,,,,
108,1952-04-27 06:00,9,,.5,0,88,,,,,,,,,,,,,,,,,,,,
108,1952-04-27 14:00,13.2,,.8,0,73,,,,,,,,,,,,,,,,,,,,
108,1952-04-27 22:00,14.5,,0,0,62,,,,,,,,,,,,,,,,,,,,
108,1952-04-28 06:00,15.8,,3.5,180,59,,,,,,,,,,,,,,,,,,,,
108,1952-04-28 14:00,12.2,,2.5,180,100,,,,,,,,,,,,,,,,,,,,
108,1952-04-28 22:00,11.5,,0,0,100,,,,,,,,,,,,,,,,,,,,
108,1952-04-29 06:00,10,,.3,0,100,,,,,,,,,,,,,,,,,,,,
108,1952-04-29 14:00,16.7,,4.7,270,52,,,,,,,,,,,,,,,,,,,,
108,1952-04-29 22:00,12,,.8,180,74,,,,,,,,,,,,,,,,,,,,
108,1952-04-30 06:00,10.5,,.3,0,89,,,,,,,,,,,,,,,,,,,,
108,1952-04-30 14:00,20,,.8,270,52,,,,,,,,,,,,,,,,,,,,
108,1952-04-30 22:00,12.5,,0,0,87,,,,,,,,,,,,,,,,,,,,
108,1952-05-01 06:00,8.7,,.3,50,92,,,,,,,,,,,,,,,,,,,,
108,1952-05-01 14:00,25.3,,.3,230,41,,,,,,,,,,,,,,,,,,,,
108,1952-05-01 22:00,17.6,,0,0,46,,,,,,,,,,,,,,,,,,,,
108,1952-05-02 06:00,12.2,,0,50,78,,,,,,,,,,,,,,,,,,,,
108,1952-05-02 14:00,23,,.8,230,46,,,,,,,,,,,,,,,,,,,,
108,1952-05-02 22:00,16,,.8,50,75,,,,,,,,,,,,,,,,,,,,
108,1952-05-03 06:00,16,,.8,50,72,,,,,,,,,,,,,,,,,,,,
108,1952-05-03 14:00,22.7,,2.5,140,64,,,,,,,,,,,,,,,,,,,,
108,1952-05-03 22:00,19,,0,0,85,,,,,,,,,,,,,,,,,,,,
108,1952-05-04 06:00,16.7,,.8,50,94,,,,,,,,,,,,,,,,,,,,
108,1952-05-04 14:00,25.5,,.8,140,46,,,,,,,,,,,,,,,,,,,,
108,1952-05-04 22:00,18.5,,.8,50,45,,,,,,,,,,,,,,,,,,,,
108,1952-05-05 06:00,12.6,,2.5,50,74,,,,,,,,,,,,,,,,,,,,
108,1952-05-05 14:00,25.5,,.8,140,41,,,,,,,,,,,,,,,,,,,,
108,1952-05-05 22:00,19.5,,0,0,67,,,,,,,,,,,,,,,,,,,,
108,1952-05-06 06:00,13.5,,.8,50,65,,,,,,,,,,,,,,,,,,,,
108,1952-05-06 14:00,24.5,,.8,140,41,,,,,,,,,,,,,,,,,,,,
108,1952-05-06 22:00,19.5,,.8,50,39,,,,,,,,,,,,,,,,,,,,
108,1952-05-07 06:00,14.6,,.8,230,66,,,,,,,,,,,,,,,,,,,,
108,1952-05-07 14:00,22,,.8,230,56,,,,,,,,,,,,,,,,,,,,
108,1952-05-07 22:00,14.5,,2.5,230,88,,,,,,,,,,,,,,,,,,,,
108,1952-05-08 06:00,14.2,,.8,50,59,,,,,,,,,,,,,,,,,,,,
108,1952-05-08 14:00,22.5,,.8,50,39,,,,,,,,,,,,,,,,,,,,
108,1952-05-08 22:00,18,,.8,140,56,,,,,,,,,,,,,,,,,,,,
108,1952-05-09 06:00,12.5,,.8,50,69,,,,,,,,,,,,,,,,,,,,
108,1952-05-09 14:00,20,,.8,140,43,,,,,,,,,,,,,,,,,,,,
108,1952-05-09 22:00,16.4,,.8,230,51,,,,,,,,,,,,,,,,,,,,
108,1952-05-10 06:00,12.5,,.8,50,69,,,,,,,,,,,,,,,,,,,,
108,1952-05-10 14:00,21.7,,2.2,270,47,,,,,,,,,,,,,,,,,,,,
108,1952-05-10 22:00,15,,.8,230,70,,,,,,,,,,,,,,,,,,,,
108,1952-05-11 06:00,11.4,,.3,20,88,,,,,,,,,,,,,,,,,,,,
108,1952-05-11 14:00,24.5,,2.5,270,45,,,,,,,,,,,,,,,,,,,,
108,1952-05-11 22:00,17.3,,1.2,270,72,,,,,,,,,,,,,,,,,,,,
108,1952-05-12 06:00,12.8,,.3,230,87,,,,,,,,,,,,,,,,,,,,
108,1952-05-12 14:00,24.6,,2.2,270,50,,,,,,,,,,,,,,,,,,,,
108,1952-05-12 22:00,23.5,,.8,50,39,,,,,,,,,,,,,,,,,,,,
108,1952-05-13 06:00,13.5,,0,50,86,,,,,,,,,,,,,,,,,,,,
108,1952-05-13 14:00,26.7,,1.3,270,45,,,,,,,,,,,,,,,,,,,,
108,1952-05-13 22:00,17.3,,2.5,270,65,,,,,,,,,,,,,,,,,,,,
108,1952-05-14 06:00,13.3,,.3,50,81,,,,,,,,,,,,,,,,,,,,
108,1952-05-14 14:00,24.2,,2,200,48,,,,,,,,,,,,,,,,,,,,
108,1952-05-14 22:00,16,,1,270,72,,,,,,,,,,,,,,,,,,,,
108,1952-05-15 06:00,13.5,,2,90,81,,,,,,,,,,,,,,,,,,,,
108,1952-05-15 14:00,26.9,,.8,180,42,,,,,,,,,,,,,,,,,,,,
108,1952-05-15 22:00,18.9,,0,0,61,,,,,,,,,,,,,,,,,,,,
108,1952-05-16 06:00,15.2,,.5,50,86,,,,,,,,,,,,,,,,,,,,
108,1952-05-16 14:00,26,,.5,230,51,,,,,,,,,,,,,,,,,,,,
108,1952-05-16 22:00,17.4,,0,0,81,,,,,,,,,,,,,,,,,,,,
108,1952-05-17 06:00,16,,1.3,90,84,,,,,,,,,,,,,,,,,,,,
108,1952-05-17 14:00,28.7,,.5,50,43,,,,,,,,,,,,,,,,,,,,
108,1952-05-17 22:00,21.3,,1,230,77,,,,,,,,,,,,,,,,,,,,
108,1952-05-18 06:00,17.8,,.8,270,65,,,,,,,,,,,,,,,,,,,,
108,1952-05-18 14:00,23.5,,2.2,230,72,,,,,,,,,,,,,,,,,,,,
108,1952-05-18 22:00,18.2,,0,140,56,,,,,,,,,,,,,,,,,,,,
108,1952-05-19 06:00,16.5,,.5,20,67,,,,,,,,,,,,,,,,,,,,
108,1952-05-19 14:00,24.5,,.5,140,40,,,,,,,,,,,,,,,,,,,,
108,1952-05-19 22:00,18.7,,.6,180,72,,,,,,,,,,,,,,,,,,,,
108,1952-05-20 06:00,15,,0,50,88,,,,,,,,,,,,,,,,,,,,
108,1952-05-20 14:00,25.8,,0,270,45,,,,,,,,,,,,,,,,,,,,
108,1952-05-20 22:00,16.2,,0,270,73,,,,,,,,,,,,,,,,,,,,
108,1952-05-21 06:00,11.8,,.5,90,89,,,,,,,,,,,,,,,,,,,,
108,1952-05-21 14:00,26.5,,.8,230,47,,,,,,,,,,,,,,,,,,,,
108,1952-05-21 22:00,18.7,,.5,270,59,,,,,,,,,,,,,,,,,,,,
108,1952-05-22 06:00,14,,.5,20,75,,,,,,,,,,,,,,,,,,,,
108,1952-05-22 14:00,29.4,,2.2,270,49,,,,,,,,,,,,,,,,,,,,
108,1952-05-22 22:00,18.5,,.8,50,71,,,,,,,,,,,,,,,,,,,,
108,1952-05-23 06:00,14,,.8,50,90,,,,,,,,,,,,,,,,,,,,
108,1952-05-23 14:00,25.7,,1.3,160,47,,,,,,,,,,,,,,,,,,,,
108,1952-05-23 22:00,15,,.8,230,82,,,,,,,,,,,,,,,,,,,,
108,1952-05-24 06:00,11.5,,0,180,90,,,,,,,,,,,,,,,,,,,,
108,1952-05-24 14:00,22.8,,2.5,360,51,,,,,,,,,,,,,,,,,,,,
108,1952-05-24 22:00,16,,.8,50,67,,,,,,,,,,,,,,,,,,,,
108,1952-05-25 06:00,10.8,,0,20,85,,,,,,,,,,,,,,,,,,,,
108,1952-05-25 14:00,23,,.8,230,43,,,,,,,,,,,,,,,,,,,,
108,1952-05-25 22:00,17.5,,.5,270,43,,,,,,,,,,,,,,,,,,,,
108,1952-05-26 06:00,12,,.5,50,69,,,,,,,,,,,,,,,,,,,,
108,1952-05-26 14:00,24.5,,.8,140,73,,,,,,,,,,,,,,,,,,,,
108,1952-05-26 22:00,15,,.8,230,94,,,,,,,,,,,,,,,,,,,,
108,1952-05-27 06:00,15.6,,0,0,93,,,,,,,,,,,,,,,,,,,,
108,1952-05-27 14:00,23,,.8,320,53,,,,,,,,,,,,,,,,,,,,
108,1952-05-27 22:00,16,,.5,230,85,,,,,,,,,,,,,,,,,,,,
108,1952-05-28 06:00,15,,.5,230,94,,,,,,,,,,,,,,,,,,,,
108,1952-05-28 14:00,23.5,,1.7,270,64,,,,,,,,,,,,,,,,,,,,
108,1952-05-28 22:00,17.5,,0,0,90,,,,,,,,,,,,,,,,,,,,
108,1952-05-29 06:00,15.2,,.8,50,95,,,,,,,,,,,,,,,,,,,,
108,1952-05-29 14:00,28.5,,2.5,230,54,,,,,,,,,,,,,,,,,,,,
108,1952-05-29 22:00,18.5,,.8,230,69,,,,,,,,,,,,,,,,,,,,
108,1952-05-30 06:00,13.5,,2.5,230,76,,,,,,,,,,,,,,,,,,,,
108,1952-05-30 14:00,16.5,,6.3,230,54,,,,,,,,,,,,,,,,,,,,
108,1952-05-30 22:00,14,,.8,270,82,,,,,,,,,,,,,,,,,,,,
108,1952-05-31 06:00,12.4,,.5,270,88,,,,,,,,,,,,,,,,,,,,
108,1952-05-31 14:00,22.5,,.8,320,42,,,,,,,,,,,,,,,,,,,,
108,1952-05-31 22:00,17.5,,0,0,63,,,,,,,,,,,,,,,,,,,,
108,1952-06-01 06:00,12.5,,.5,90,59,,,,,,,,,,,,,,,,,,,,
108,1952-06-01 14:00,23.5,,1.2,270,73,,,,,,,,,,,,,,,,,,,,
108,1952-06-01 22:00,16.2,,0,0,61,,,,,,,,,,,,,,,,,,,,
108,1952-06-02 06:00,12.5,,.5,20,87,,,,,,,,,,,,,,,,,,,,
108,1952-06-02 14:00,23.4,,.8,230,65,,,,,,,,,,,,,,,,,,,,
108,1952-06-02 22:00,16.5,,0,0,79,,,,,,,,,,,,,,,,,,,,
108,1952-06-03 06:00,16,,.8,20,81,,,,,,,,,,,,,,,,,,,,
108,1952-06-03 14:00,19.7,,.8,20,80,,,,,,,,,,,,,,,,,,,,
108,1952-06-03 22:00,16,,0,0,79,,,,,,,,,,,,,,,,,,,,
108,1952-06-04 06:00,15.2,,.5,230,92,,,,,,,,,,,,,,,,,,,,
108,1952-06-04 14:00,21.1,,2.5,270,49,,,,,,,,,,,,,,,,,,,,
108,1952-06-04 22:00,15.7,,1.4,270,74,,,,,,,,,,,,,,,,,,,,
108,1952-06-05 06:00,15.7,,.8,230,77,,,,,,,,,,,,,,,,,,,,
108,1952-06-05 14:00,23.5,,1.4,270,60,,,,,,,,,,,,,,,,,,,,
108,1952-06-05 22:00,16.7,,0,0,71,,,,,,,,,,,,,,,,,,,,
108,1952-06-06 06:00,13.5,,0,270,89,,,,,,,,,,,,,,,,,,,,
108,1952-06-06 14:00,25,,1.3,270,52,,,,,,,,,,,,,,,,,,,,
108,1952-06-06 22:00,16.8,,0,0,71,,,,,,,,,,,,,,,,,,,,
108,1952-06-07 06:00,14.5,,.8,270,82,,,,,,,,,,,,,,,,,,,,
108,1952-06-07 14:00,29.8,,.5,90,79,,,,,,,,,,,,,,,,,,,,
108,1952-06-07 22:00,24.3,,.8,50,55,,,,,,,,,,,,,,,,,,,,
108,1952-06-08 06:00,18.5,,2.5,50,75,,,,,,,,,,,,,,,,,,,,
108,1952-06-08 14:00,25.5,,2.5,50,58,,,,,,,,,,,,,,,,,,,,
108,1952-06-08 22:00,19.5,,.8,50,55,,,,,,,,,,,,,,,,,,,,
108,1952-06-09 06:00,15.2,,.8,50,70,,,,,,,,,,,,,,,,,,,,
108,1952-06-09 14:00,26,,.5,90,49,,,,,,,,,,,,,,,,,,,,
108,1952-06-09 22:00,19.2,,.5,230,63,,,,,,,,,,,,,,,,,,,,
108,1952-06-10 06:00,16.5,,.5,230,88,,,,,,,,,,,,,,,,,,,,
108,1952-06-10 14:00,18.5,,2.5,230,81,,,,,,,,,,,,,,,,,,,,
108,1952-06-10 22:00,15.5,,.5,270,82,,,,,,,,,,,,,,,,,,,,
108,1952-06-11 06:00,13.7,,0,50,97,,,,,,,,,,,,,,,,,,,,
108,1952-06-11 14:00,21.7,,1.3,230,70,,,,,,,,,,,,,,,,,,,,
108,1952-06-11 22:00,16.5,,.5,270,81,,,,,,,,,,,,,,,,,,,,
108,1952-06-12 06:00,15,,.8,180,89,,,,,,,,,,,,,,,,,,,,
108,1952-06-12 14:00,25,,.8,270,62,,,,,,,,,,,,,,,,,,,,
108,1952-06-12 22:00,18.5,,.8,270,69,,,,,,,,,,,,,,,,,,,,
108,1952-06-13 06:00,15.7,,.8,50,86,,,,,,,,,,,,,,,,,,,,
108,1952-06-13 14:00,25.8,,.8,320,61,,,,,,,,,,,,,,,,,,,,
108,1952-06-13 22:00,19,,.8,230,76,,,,,,,,,,,,,,,,,,,,
108,1952-06-14 06:00,16.3,,.5,270,93,,,,,,,,,,,,,,,,,,,,
108,1952-06-14 14:00,26.8,,.8,270,68,,,,,,,,,,,,,,,,,,,,
108,1952-06-14 22:00,19,,.8,270,74,,,,,,,,,,,,,,,,,,,,
108,1952-06-15 06:00,16,,.5,50,88,,,,,,,,,,,,,,,,,,,,
108,1952-06-15 14:00,29.9,,.5,140,44,,,,,,,,,,,,,,,,,,,,
108,1952-06-15 22:00,20.5,,.5,270,70,,,,,,,,,,,,,,,,,,,,
108,1952-06-16 06:00,16.6,,.5,270,87,,,,,,,,,,,,,,,,,,,,
108,1952-06-16 14:00,26,,.8,270,52,,,,,,,,,,,,,,,,,,,,
108,1952-06-16 22:00,19.5,,.5,270,84,,,,,,,,,,,,,,,,,,,,
108,1952-06-17 06:00,17.5,,0,90,91,,,,,,,,,,,,,,,,,,,,
108,1952-06-17 14:00,23.7,,.5,270,71,,,,,,,,,,,,,,,,,,,,
108,1952-06-17 22:00,19.5,,.8,270,89,,,,,,,,,,,,,,,,,,,,
108,1952-06-18 06:00,18.5,,.5,50,94,,,,,,,,,,,,,,,,,,,,
108,1952-06-18 14:00,20.6,,.8,200,97,,,,,,,,,,,,,,,,,,,,
108,1952-06-18 22:00,19.7,,.5,230,98,,,,,,,,,,,,,,,,,,,,
108,1952-06-19 06:00,19,,0,20,97,,,,,,,,,,,,,,,,,,,,
108,1952-06-19 14:00,27.8,,2.5,270,68,,,,,,,,,,,,,,,,,,,,
108,1952-06-19 22:00,20.8,,2.5,230,86,,,,,,,,,,,,,,,,,,,,
108,1952-06-20 06:00,17.4,,0,270,89,,,,,,,,,,,,,,,,,,,,
108,1952-06-20 14:00,26.5,,.8,270,62,,,,,,,,,,,,,,,,,,,,
108,1952-06-20 22:00,20.5,,.8,270,71,,,,,,,,,,,,,,,,,,,,
108,1952-06-21 06:00,16.3,,.5,50,93,,,,,,,,,,,,,,,,,,,,
108,1952-06-21 14:00,29.3,,.5,320,56,,,,,,,,,,,,,,,,,,,,
108,1952-06-21 22:00,23,,0,270,60,,,,,,,,,,,,,,,,,,,,
108,1952-06-22 06:00,18.3,,0,20,69,,,,,,,,,,,,,,,,,,,,
108,1952-06-22 14:00,29.4,,.5,20,55,,,,,,,,,,,,,,,,,,,,
108,1952-06-22 22:00,24.3,,0,50,60,,,,,,,,,,,,,,,,,,,,
108,1952-06-23 06:00,20.2,,.5,20,56,,,,,,,,,,,,,,,,,,,,
108,1952-06-23 14:00,32.6,,2.5,90,53,,,,,,,,,,,,,,,,,,,,
108,1952-06-23 22:00,25.5,,.8,50,69,,,,,,,,,,,,,,,,,,,,
108,1952-06-24 06:00,19.4,,.5,50,72,,,,,,,,,,,,,,,,,,,,
108,1952-06-24 14:00,29.8,,.8,270,73,,,,,,,,,,,,,,,,,,,,
108,1952-06-24 22:00,22,,.5,230,70,,,,,,,,,,,,,,,,,,,,
108,1952-06-25 06:00,20,,0,340,89,,,,,,,,,,,,,,,,,,,,
108,1952-06-25 14:00,31.7,,.5,90,74,,,,,,,,,,,,,,,,,,,,
108,1952-06-25 22:00,21.4,,0,270,79,,,,,,,,,,,,,,,,,,,,
108,1952-06-26 06:00,20.3,,.5,320,86,,,,,,,,,,,,,,,,,,,,
108,1952-06-26 14:00,30.5,,.8,270,68,,,,,,,,,,,,,,,,,,,,
108,1952-06-26 22:00,22,,.5,270,80,,,,,,,,,,,,,,,,,,,,
108,1952-06-27 06:00,19.1,,.3,230,93,,,,,,,,,,,,,,,,,,,,
108,1952-06-27 14:00,31.5,,.8,230,69,,,,,,,,,,,,,,,,,,,,
108,1952-06-27 22:00,23,,.5,230,80,,,,,,,,,,,,,,,,,,,,
108,1952-06-28 06:00,21.5,,.3,320,91,,,,,,,,,,,,,,,,,,,,
108,1952-06-28 14:00,25.3,,.8,230,83,,,,,,,,,,,,,,,,,,,,
108,1952-06-28 22:00,23.1,,1.3,140,91,,,,,,,,,,,,,,,,,,,,
108,1952-06-29 06:00,22.8,,8.8,200,99,,,,,,,,,,,,,,,,,,,,
108,1952-06-29 14:00,21.2,,8.8,200,89,,,,,,,,,,,,,,,,,,,,
108,1952-06-29 22:00,19.6,,4.2,200,93,,,,,,,,,,,,,,,,,,,,
108,1952-06-30 06:00,20,,.5,50,98,,,,,,,,,,,,,,,,,,,,
108,1952-06-30 14:00,22.4,,.5,140,93,,,,,,,,,,,,,,,,,,,,
108,1952-06-30 22:00,22.2,,.8,230,93,,,,,,,,,,,,,,,,,,,,
108,1952-07-01 06:00,20.5,,.5,230,100,,,,,,,,,,,,,,,,,,,,
108,1952-07-01 14:00,24.8,,.8,270,81,,,,,,,,,,,,,,,,,,,,
108,1952-07-01 22:00,21.3,,.5,230,94,,,,,,,,,,,,,,,,,,,,
108,1952-07-02 06:00,20.5,,.6,270,99,,,,,,,,,,,,,,,,,,,,
108,1952-07-02 14:00,25.3,,.8,320,79,,,,,,,,,,,,,,,,,,,,
108,1952-07-02 22:00,21,,.8,230,95,,,,,,,,,,,,,,,,,,,,
108,1952-07-03 06:00,20,,.8,270,100,,,,,,,,,,,,,,,,,,,,
108,1952-07-03 14:00,26.3,,.5,320,75,,,,,,,,,,,,,,,,,,,,
108,1952-07-03 22:00,22.6,,.5,50,80,,,,,,,,,,,,,,,,,,,,
108,1952-07-04 06:00,19,,0,0,84,,,,,,,,,,,,,,,,,,,,
108,1952-07-04 14:00,27.5,,.8,270,63,,,,,,,,,,,,,,,,,,,,
108,1952-07-04 22:00,21.5,,.5,230,90,,,,,,,,,,,,,,,,,,,,
108,1952-07-05 06:00,20.5,,0,0,90,,,,,,,,,,,,,,,,,,,,
108,1952-07-05 14:00,25.5,,.8,320,69,,,,,,,,,,,,,,,,,,,,
108,1952-07-05 22:00,21,,0,0,95,,,,,,,,,,,,,,,,,,,,
108,1952-07-06 06:00,20,,0,0,96,,,,,,,,,,,,,,,,,,,,
108,1952-07-06 14:00,26.2,,.5,270,68,,,,,,,,,,,,,,,,,,,,
108,1952-07-06 22:00,22,,0,0,80,,,,,,,,,,,,,,,,,,,,
108,1952-07-07 06:00,19.5,,0,0,90,,,,,,,,,,,,,,,,,,,,
108,1952-07-07 14:00,28.5,,.5,50,60,,,,,,,,,,,,,,,,,,,,
108,1952-07-07 22:00,23,,.5,320,86,,,,,,,,,,,,,,,,,,,,
108,1952-07-08 06:00,19.5,,.5,50,88,,,,,,,,,,,,,,,,,,,,
108,1952-07-08 14:00,28.5,,.5,140,52,,,,,,,,,,,,,,,,,,,,
108,1952-07-08 22:00,24.5,,.8,50,61,,,,,,,,,,,,,,,,,,,,
108,1952-07-09 06:00,19.7,,.5,50,69,,,,,,,,,,,,,,,,,,,,
108,1952-07-09 14:00,26,,.8,50,58,,,,,,,,,,,,,,,,,,,,
108,1952-07-09 22:00,22.6,,.8,50,68,,,,,,,,,,,,,,,,,,,,
108,1952-07-10 06:00,20,,.5,50,89,,,,,,,,,,,,,,,,,,,,
108,1952-07-10 14:00,28.5,,.5,50,67,,,,,,,,,,,,,,,,,,,,
108,1952-07-10 22:00,24.2,,0,0,79,,,,,,,,,,,,,,,,,,,,
108,1952-07-11 06:00,20,,.5,50,89,,,,,,,,,,,,,,,,,,,,
108,1952-07-11 14:00,28.3,,.8,320,65,,,,,,,,,,,,,,,,,,,,
108,1952-07-11 22:00,25,,0,0,81,,,,,,,,,,,,,,,,,,,,
108,1952-07-12 06:00,21.5,,.5,90,85,,,,,,,,,,,,,,,,,,,,
108,1952-07-12 14:00,31.5,,.5,320,59,,,,,,,,,,,,,,,,,,,,
108,1952-07-12 22:00,25.5,,.8,320,73,,,,,,,,,,,,,,,,,,,,
108,1952-07-13 06:00,22.3,,.5,90,97,,,,,,,,,,,,,,,,,,,,
108,1952-07-13 14:00,29.5,,.5,230,68,,,,,,,,,,,,,,,,,,,,
108,1952-07-13 22:00,25.5,,0,0,86,,,,,,,,,,,,,,,,,,,,
108,1952-07-14 06:00,21.9,,.5,50,86,,,,,,,,,,,,,,,,,,,,
108,1952-07-14 14:00,28.5,,.5,50,55,,,,,,,,,,,,,,,,,,,,
108,1952-07-14 22:00,24.5,,.5,50,66,,,,,,,,,,,,,,,,,,,,
108,1952-07-15 06:00,22.2,,.5,50,74,,,,,,,,,,,,,,,,,,,,
108,1952-07-15 14:00,29.6,,.8,50,55,,,,,,,,,,,,,,,,,,,,
108,1952-07-15 22:00,25.6,,.5,50,70,,,,,,,,,,,,,,,,,,,,
108,1952-07-16 06:00,24,,.5,50,77,,,,,,,,,,,,,,,,,,,,
108,1952-07-16 14:00,32.7,,.5,140,57,,,,,,,,,,,,,,,,,,,,
108,1952-07-16 22:00,29.5,,.5,140,68,,,,,,,,,,,,,,,,,,,,
108,1952-07-17 06:00,24.7,,.5,140,100,,,,,,,,,,,,,,,,,,,,
108,1952-07-17 14:00,27.7,,.5,230,87,,,,,,,,,,,,,,,,,,,,
108,1952-07-17 22:00,25,,.5,140,98,,,,,,,,,,,,,,,,,,,,
108,1952-07-18 06:00,24.5,,0,0,100,,,,,,,,,,,,,,,,,,,,
108,1952-07-18 14:00,26.5,,.5,230,95,,,,,,,,,,,,,,,,,,,,
108,1952-07-18 22:00,25.5,,.5,230,95,,,,,,,,,,,,,,,,,,,,
108,1952-07-19 06:00,24.5,,.5,50,100,,,,,,,,,,,,,,,,,,,,
108,1952-07-19 14:00,27.4,,.8,180,90,,,,,,,,,,,,,,,,,,,,
108,1952-07-19 22:00,26,,.5,270,86,,,,,,,,,,,,,,,,,,,,
108,1952-07-20 06:00,24.5,,0,0,98,,,,,,,,,,,,,,,,,,,,
108,1952-07-20 14:00,32.2,,.5,140,64,,,,,,,,,,,,,,,,,,,,
108,1952-07-20 22:00,23,,.5,230,95,,,,,,,,,,,,,,,,,,,,
108,1952-07-21 06:00,22.2,,.5,270,98,,,,,,,,,,,,,,,,,,,,
108,1952-07-21 14:00,31,,.5,230,72,,,,,,,,,,,,,,,,,,,,
108,1952-07-21 22:00,25.5,,0,0,91,,,,,,,,,,,,,,,,,,,,
108,1952-07-22 06:00,23.2,,0,0,99,,,,,,,,,,,,,,,,,,,,
108,1952-07-22 14:00,33.5,,.5,230,59,,,,,,,,,,,,,,,,,,,,
108,1952-07-22 22:00,27.5,,0,0,82,,,,,,,,,,,,,,,,,,,,
108,1952-07-23 06:00,24.5,,.5,230,98,,,,,,,,,,,,,,,,,,,,
108,1952-07-23 14:00,33.1,,.5,230,65,,,,,,,,,,,,,,,,,,,,
108,1952-07-23 22:00,26.5,,.5,320,82,,,,,,,,,,,,,,,,,,,,
108,1952-07-24 06:00,25,,.5,50,90,,,,,,,,,,,,,,,,,,,,
108,1952-07-24 14:00,31.5,,.5,230,68,,,,,,,,,,,,,,,,,,,,
108,1952-07-24 22:00,25.5,,.5,230,86,,,,,,,,,,,,,,,,,,,,
108,1952-07-25 06:00,24,,.5,50,100,,,,,,,,,,,,,,,,,,,,
108,1952-07-25 14:00,33.5,,.5,230,65,,,,,,,,,,,,,,,,,,,,
108,1952-07-25 22:00,25,,.8,320,90,,,,,,,,,,,,,,,,,,,,
108,1952-07-26 06:00,24.5,,.5,230,95,,,,,,,,,,,,,,,,,,,,
108,1952-07-26 14:00,26.5,,.8,230,84,,,,,,,,,,,,,,,,,,,,
108,1952-07-26 22:00,24.3,,.8,230,97,,,,,,,,,,,,,,,,,,,,
108,1952-07-27 06:00,23.5,,.8,230,100,,,,,,,,,,,,,,,,,,,,
108,1952-07-27 14:00,24,,.5,230,100,,,,,,,,,,,,,,,,,,,,
108,1952-07-27 22:00,23,,0,0,96,,,,,,,,,,,,,,,,,,,,
108,1952-07-28 06:00,22.7,,.5,180,100,,,,,,,,,,,,,,,,,,,,
108,1952-07-28 14:00,22,,.5,90,99,,,,,,,,,,,,,,,,,,,,
108,1952-07-28 22:00,20.5,,.5,140,100,,,,,,,,,,,,,,,,,,,,
108,1952-07-29 06:00,23,,.8,180,100,,,,,,,,,,,,,,,,,,,,
108,1952-07-29 14:00,25,,.8,230,100,,,,,,,,,,,,,,,,,,,,
108,1952-07-29 22:00,24.5,,2.5,230,100,,,,,,,,,,,,,,,,,,,,
108,1952-07-30 06:00,24.5,,2.5,230,100,,,,,,,,,,,,,,,,,,,,
108,1952-07-30 14:00,26.4,,4.2,230,91,,,,,,,,,,,,,,,,,,,,
108,1952-07-30 22:00,25.2,,2.5,230,95,,,,,,,,,,,,,,,,,,,,
108,1952-07-31 06:00,25,,4.2,230,100,,,,,,,,,,,,,,,,,,,,
108,1952-07-31 14:00,25.3,,.8,270,100,,,,,,,,,,,,,,,,,,,,
108,1952-07-31 22:00,24,,.5,270,100,,,,,,,,,,,,,,,,,,,,
108,1952-09-01 06:00,20,,0,50,100,,,,,,,,,,,,,,,,,,,,
108,1952-09-01 14:00,26.7,,.8,270,73,,,,,,,,,,,,,,,,,,,,
108,1952-09-01 22:00,22,,.5,50,95,,,,,,,,,,,,,,,,,,,,
108,1952-09-02 06:00,19.5,,.5,50,100,,,,,,,,,,,,,,,,,,,,
108,1952-09-02 14:00,24.6,,.8,50,85,,,,,,,,,,,,,,,,,,,,
108,1952-09-02 22:00,19.2,,0,0,100,,,,,,,,,,,,,,,,,,,,
108,1952-09-03 06:00,18.6,,2.5,50,100,,,,,,,,,,,,,,,,,,,,
108,1952-09-03 14:00,20.8,,2.5,50,100,,,,,,,,,,,,,,,,,,,,
108,1952-09-03 22:00,17,,.8,360,100,,,,,,,,,,,,,,,,,,,,
108,1952-09-04 06:00,17,,.5,50,95,,,,,,,,,,,,,,,,,,,,
108,1952-09-04 14:00,25,,.8,270,74,,,,,,,,,,,,,,,,,,,,
108,1952-09-04 22:00,20.2,,0,0,92,,,,,,,,,,,,,,,,,,,,
108,1952-09-05 06:00,18,,0,90,100,,,,,,,,,,,,,,,,,,,,
108,1952-09-05 14:00,27.5,,.8,140,67,,,,,,,,,,,,,,,,,,,,
108,1952-09-05 22:00,21.8,,0,360,94,,,,,,,,,,,,,,,,,,,,
108,1952-09-06 06:00,20,,0,90,100,,,,,,,,,,,,,,,,,,,,
108,1952-09-06 14:00,27.3,,.8,230,65,,,,,,,,,,,,,,,,,,,,
108,1952-09-06 22:00,23,,0,50,90,,,,,,,,,,,,,,,,,,,,
108,1952-09-07 06:00,20.8,,0,90,98,,,,,,,,,,,,,,,,,,,,
108,1952-09-07 14:00,23.7,,.5,140,84,,,,,,,,,,,,,,,,,,,,
108,1952-09-07 22:00,21.5,,.5,50,90,,,,,,,,,,,,,,,,,,,,
108,1952-09-08 06:00,18.5,,0,90,100,,,,,,,,,,,,,,,,,,,,
108,1952-09-08 14:00,27.2,,.5,140,64,,,,,,,,,,,,,,,,,,,,
108,1952-09-08 22:00,23.5,,0,360,76,,,,,,,,,,,,,,,,,,,,
108,1952-09-09 06:00,19.5,,0,0,89,,,,,,,,,,,,,,,,,,,,
108,1952-09-09 14:00,26.8,,.8,50,60,,,,,,,,,,,,,,,,,,,,
108,1952-09-09 22:00,21.5,,.8,270,71,,,,,,,,,,,,,,,,,,,,
108,1952-09-10 06:00,16.5,,.5,50,96,,,,,,,,,,,,,,,,,,,,
108,1952-09-10 14:00,29.5,,.8,140,49,,,,,,,,,,,,,,,,,,,,
108,1952-09-10 22:00,22.5,,.5,140,87,,,,,,,,,,,,,,,,,,,,
108,1952-09-11 06:00,21,,.5,140,100,,,,,,,,,,,,,,,,,,,,
108,1952-09-11 14:00,24.5,,.8,230,90,,,,,,,,,,,,,,,,,,,,
108,1952-09-11 22:00,22.5,,.5,180,96,,,,,,,,,,,,,,,,,,,,
108,1952-09-12 06:00,21.2,,.5,230,98,,,,,,,,,,,,,,,,,,,,
108,1952-09-12 14:00,21.5,,.8,50,67,,,,,,,,,,,,,,,,,,,,
108,1952-09-12 22:00,19.5,,.5,50,84,,,,,,,,,,,,,,,,,,,,
108,1952-09-13 06:00,17.6,,.5,50,98,,,,,,,,,,,,,,,,,,,,
108,1952-09-13 14:00,21,,.5,90,80,,,,,,,,,,,,,,,,,,,,
108,1952-09-13 22:00,19,,.5,90,93,,,,,,,,,,,,,,,,,,,,
108,1952-09-14 06:00,17.5,,.5,50,96,,,,,,,,,,,,,,,,,,,,
108,1952-09-14 14:00,24.3,,.5,230,75,,,,,,,,,,,,,,,,,,,,
108,1952-09-14 22:00,20,,.5,230,89,,,,,,,,,,,,,,,,,,,,
108,1952-09-15 06:00,17.2,,.5,50,99,,,,,,,,,,,,,,,,,,,,
108,1952-09-15 14:00,22.6,,.5,230,80,,,,,,,,,,,,,,,,,,,,
108,1952-09-15 22:00,19.7,,.5,230,92,,,,,,,,,,,,,,,,,,,,
108,1952-09-16 06:00,15.5,,.5,320,100,,,,,,,,,,,,,,,,,,,,
108,1952-09-16 14:00,22.3,,.5,230,83,,,,,,,,,,,,,,,,,,,,
108,1952-09-16 22:00,19.6,,0,0,96,,,,,,,,,,,,,,,,,,,,
108,1952-09-17 06:00,15,,0,0,94,,,,,,,,,,,,,,,,,,,,
108,1952-09-17 14:00,23,,.8,320,49,,,,,,,,,,,,,,,,,,,,
108,1952-09-17 22:00,16.8,,0,0,71,,,,,,,,,,,,,,,,,,,,
108,1952-09-18 06:00,12,,.5,50,93,,,,,,,,,,,,,,,,,,,,
108,1952-09-18 14:00,23.8,,.5,50,53,,,,,,,,,,,,,,,,,,,,
108,1952-09-18 22:00,17,,.5,230,78,,,,,,,,,,,,,,,,,,,,
108,1952-09-19 06:00,14.9,,0,0,81,,,,,,,,,,,,,,,,,,,,
108,1952-09-19 14:00,24.5,,.8,320,52,,,,,,,,,,,,,,,,,,,,
108,1952-09-19 22:00,18.5,,.5,50,84,,,,,,,,,,,,,,,,,,,,
108,1952-09-20 06:00,14.5,,.5,90,100,,,,,,,,,,,,,,,,,,,,
108,1952-09-20 14:00,24.6,,.8,230,72,,,,,,,,,,,,,,,,,,,,
108,1952-09-20 22:00,18.5,,.5,320,69,,,,,,,,,,,,,,,,,,,,
108,1952-09-21 06:00,15.2,,.8,50,89,,,,,,,,,,,,,,,,,,,,
108,1952-09-21 14:00,23.6,,.5,50,58,,,,,,,,,,,,,,,,,,,,
108,1952-09-21 22:00,18,,.5,320,76,,,,,,,,,,,,,,,,,,,,
108,1952-09-22 06:00,13,,.8,50,94,,,,,,,,,,,,,,,,,,,,
108,1952-09-22 14:00,22.5,,.8,270,67,,,,,,,,,,,,,,,,,,,,
108,1952-09-22 22:00,18,,.5,230,83,,,,,,,,,,,,,,,,,,,,
108,1952-09-23 06:00,14.2,,.5,50,97,,,,,,,,,,,,,,,,,,,,
108,1952-09-23 14:00,24.6,,.8,230,66,,,,,,,,,,,,,,,,,,,,
108,1952-09-23 22:00,18.5,,0,0,83,,,,,,,,,,,,,,,,,,,,
108,1952-09-24 06:00,16,,.5,50,100,,,,,,,,,,,,,,,,,,,,
108,1952-09-24 14:00,22.4,,.8,230,72,,,,,,,,,,,,,,,,,,,,
108,1952-09-24 22:00,21.2,,.8,230,83,,,,,,,,,,,,,,,,,,,,
108,1952-09-25 06:00,15.2,,.5,140,100,,,,,,,,,,,,,,,,,,,,
108,1952-09-25 14:00,14,,.8,50,94,,,,,,,,,,,,,,,,,,,,
108,1952-09-25 22:00,12.7,,.8,50,87,,,,,,,,,,,,,,,,,,,,
108,1952-09-26 06:00,10.7,,.5,320,97,,,,,,,,,,,,,,,,,,,,
108,1952-09-26 14:00,21.5,,.8,160,69,,,,,,,,,,,,,,,,,,,,
108,1952-09-26 22:00,15.5,,.5,270,71,,,,,,,,,,,,,,,,,,,,
108,1952-09-27 06:00,10.2,,.5,50,90,,,,,,,,,,,,,,,,,,,,
108,1952-09-27 14:00,21.2,,.5,140,50,,,,,,,,,,,,,,,,,,,,
108,1952-09-27 22:00,15.6,,.8,230,76,,,,,,,,,,,,,,,,,,,,
108,1952-09-28 06:00,12.3,,.5,140,96,,,,,,,,,,,,,,,,,,,,
108,1952-09-28 14:00,21,,.8,320,59,,,,,,,,,,,,,,,,,,,,
108,1952-09-28 22:00,12.3,,.5,270,71,,,,,,,,,,,,,,,,,,,,
108,1952-09-29 06:00,9,,.5,50,79,,,,,,,,,,,,,,,,,,,,
108,1952-09-29 14:00,21,,.5,180,47,,,,,,,,,,,,,,,,,,,,
108,1952-09-29 22:00,14,,0,230,76,,,,,,,,,,,,,,,,,,,,
108,1952-09-30 06:00,8,,.5,50,97,,,,,,,,,,,,,,,,,,,,
108,1952-09-30 14:00,18.6,,.8,320,65,,,,,,,,,,,,,,,,,,,,
108,1952-09-30 22:00,15.5,,.5,230,80,,,,,,,,,,,,,,,,,,,,
108,1952-10-01 06:00,13,,.5,50,94,,,,,,,,,,,,,,,,,,,,
108,1952-10-01 14:00,25.4,,.5,230,50,,,,,,,,,,,,,,,,,,,,
108,1952-10-01 22:00,16.6,,.5,230,84,,,,,,,,,,,,,,,,,,,,
108,1952-10-02 06:00,13.5,,.5,50,100,,,,,,,,,,,,,,,,,,,,
108,1952-10-02 14:00,17.7,,.8,320,59,,,,,,,,,,,,,,,,,,,,
108,1952-10-02 22:00,12.8,,.5,180,61,,,,,,,,,,,,,,,,,,,,
108,1952-10-03 06:00,10.2,,.5,320,83,,,,,,,,,,,,,,,,,,,,
108,1952-10-03 14:00,20.3,,.8,230,55,,,,,,,,,,,,,,,,,,,,
108,1952-10-03 22:00,14.8,,.8,360,50,,,,,,,,,,,,,,,,,,,,
108,1952-10-04 06:00,8.5,,.5,50,92,,,,,,,,,,,,,,,,,,,,
108,1952-10-04 14:00,20.3,,.8,230,56,,,,,,,,,,,,,,,,,,,,
108,1952-10-04 22:00,12.2,,.5,50,80,,,,,,,,,,,,,,,,,,,,
108,1952-10-05 06:00,7.7,,.5,50,97,,,,,,,,,,,,,,,,,,,,
108,1952-10-05 14:00,22.5,,.8,230,51,,,,,,,,,,,,,,,,,,,,
108,1952-10-05 22:00,15,,.5,50,73,,,,,,,,,,,,,,,,,,,,
108,1952-10-06 06:00,9,,.5,50,90,,,,,,,,,,,,,,,,,,,,
108,1952-10-06 14:00,22.8,,.5,230,49,,,,,,,,,,,,,,,,,,,,
108,1952-10-06 22:00,13.8,,0,0,86,,,,,,,,,,,,,,,,,,,,
108,1952-10-07 06:00,11.8,,.5,50,77,,,,,,,,,,,,,,,,,,,,
108,1952-10-07 14:00,22,,.5,50,53,,,,,,,,,,,,,,,,,,,,
108,1952-10-07 22:00,15.2,,.5,50,81,,,,,,,,,,,,,,,,,,,,
108,1952-10-08 06:00,11,,.5,90,93,,,,,,,,,,,,,,,,,,,,
108,1952-10-08 14:00,22.1,,.5,270,50,,,,,,,,,,,,,,,,,,,,
108,1952-10-08 22:00,15.6,,.5,270,93,,,,,,,,,,,,,,,,,,,,
108,1952-10-09 06:00,12.3,,0,90,99,,,,,,,,,,,,,,,,,,,,
108,1952-10-09 14:00,25,,.5,180,46,,,,,,,,,,,,,,,,,,,,
108,1952-10-09 22:00,16.5,,.5,50,92,,,,,,,,,,,,,,,,,,,,
108,1952-10-10 06:00,13.3,,0,50,100,,,,,,,,,,,,,,,,,,,,
108,1952-10-10 14:00,20.2,,.5,320,77,,,,,,,,,,,,,,,,,,,,
108,1952-10-10 22:00,14,,.8,230,97,,,,,,,,,,,,,,,,,,,,
108,1952-10-11 06:00,7.5,,.5,360,71,,,,,,,,,,,,,,,,,,,,
108,1952-10-11 14:00,10.6,,2.5,320,55,,,,,,,,,,,,,,,,,,,,
108,1952-10-11 22:00,6.5,,.5,270,75,,,,,,,,,,,,,,,,,,,,
108,1952-10-12 06:00,3,,.5,50,93,,,,,,,,,,,,,,,,,,,,
108,1952-10-12 14:00,12.2,,.5,140,66,,,,,,,,,,,,,,,,,,,,
108,1952-10-12 22:00,6.6,,.5,230,83,,,,,,,,,,,,,,,,,,,,
108,1952-10-13 06:00,6.5,,.5,50,83,,,,,,,,,,,,,,,,,,,,
108,1952-10-13 14:00,19,,.5,90,52,,,,,,,,,,,,,,,,,,,,
108,1952-10-13 22:00,12.7,,.5,50,62,,,,,,,,,,,,,,,,,,,,
108,1952-10-14 06:00,9,,.8,50,79,,,,,,,,,,,,,,,,,,,,
108,1952-10-14 14:00,22,,.8,140,48,,,,,,,,,,,,,,,,,,,,
108,1952-10-14 22:00,17,,.8,50,68,,,,,,,,,,,,,,,,,,,,
108,1952-10-15 06:00,14,,.5,50,100,,,,,,,,,,,,,,,,,,,,
108,1952-10-15 14:00,16.5,,1.3,230,51,,,,,,,,,,,,,,,,,,,,
108,1952-10-15 22:00,9.6,,4.5,270,72,,,,,,,,,,,,,,,,,,,,
108,1952-10-16 06:00,5.6,,.5,140,74,,,,,,,,,,,,,,,,,,,,
108,1952-10-16 14:00,12.3,,.8,270,50,,,,,,,,,,,,,,,,,,,,
108,1952-10-16 22:00,7.6,,.5,270,62,,,,,,,,,,,,,,,,,,,,
108,1952-10-17 06:00,2.5,,.5,50,96,,,,,,,,,,,,,,,,,,,,
108,1952-10-17 14:00,16.2,,.5,270,48,,,,,,,,,,,,,,,,,,,,
108,1952-10-17 22:00,9.5,,.5,270,87,,,,,,,,,,,,,,,,,,,,
108,1952-10-18 06:00,5.5,,0,50,84,,,,,,,,,,,,,,,,,,,,
108,1952-10-18 14:00,19.3,,.5,140,58,,,,,,,,,,,,,,,,,,,,
108,1952-10-18 22:00,12.2,,.5,50,84,,,,,,,,,,,,,,,,,,,,
108,1952-10-19 06:00,7,,.5,50,97,,,,,,,,,,,,,,,,,,,,
108,1952-10-19 14:00,20.6,,.5,270,85,,,,,,,,,,,,,,,,,,,,
108,1952-10-19 22:00,12.5,,0,270,76,,,,,,,,,,,,,,,,,,,,
108,1952-10-20 06:00,8,,.5,50,92,,,,,,,,,,,,,,,,,,,,
108,1952-10-20 14:00,22,,.5,320,53,,,,,,,,,,,,,,,,,,,,
108,1952-10-20 22:00,12.8,,.5,50,75,,,,,,,,,,,,,,,,,,,,
108,1952-10-21 06:00,12,,.5,90,93,,,,,,,,,,,,,,,,,,,,
108,1952-10-21 14:00,13.6,,.5,50,100,,,,,,,,,,,,,,,,,,,,
108,1952-10-21 22:00,14,,.8,140,100,,,,,,,,,,,,,,,,,,,,
108,1952-10-22 06:00,9.3,,2.5,320,88,,,,,,,,,,,,,,,,,,,,
108,1952-10-22 14:00,11.8,,2.5,320,60,,,,,,,,,,,,,,,,,,,,
108,1952-10-22 22:00,7.2,,0,270,83,,,,,,,,,,,,,,,,,,,,
108,1952-10-23 06:00,4.6,,.5,50,100,,,,,,,,,,,,,,,,,,,,
108,1952-10-23 14:00,14.3,,.5,230,68,,,,,,,,,,,,,,,,,,,,
108,1952-10-23 22:00,8.2,,0,270,56,,,,,,,,,,,,,,,,,,,,
108,1952-10-24 06:00,3.8,,.5,50,95,,,,,,,,,,,,,,,,,,,,
108,1952-10-24 14:00,15.8,,.5,270,56,,,,,,,,,,,,,,,,,,,,
108,1952-10-24 22:00,10,,0,270,82,,,,,,,,,,,,,,,,,,,,
108,1952-10-25 06:00,7.5,,.5,320,95,,,,,,,,,,,,,,,,,,,,
108,1952-10-25 14:00,12,,.8,320,43,,,,,,,,,,,,,,,,,,,,
108,1952-10-25 22:00,4.6,,0,270,76,,,,,,,,,,,,,,,,,,,,
108,1952-10-26 06:00,.5,,0,50,96,,,,,,,,,,,,,,,,,,,,
108,1952-10-26 14:00,14,,.5,160,93,,,,,,,,,,,,,,,,,,,,
108,1952-10-26 22:00,8.5,,0,140,73,,,,,,,,,,,,,,,,,,,,
108,1952-10-27 06:00,5,,.5,50,91,,,,,,,,,,,,,,,,,,,,
108,1952-10-27 14:00,14.2,,.8,320,50,,,,,,,,,,,,,,,,,,,,
108,1952-10-27 22:00,9.2,,.5,230,87,,,,,,,,,,,,,,,,,,,,
108,1952-10-28 06:00,5.6,,.5,140,98,,,,,,,,,,,,,,,,,,,,
108,1952-10-28 14:00,15.5,,.5,320,68,,,,,,,,,,,,,,,,,,,,
108,1952-10-28 22:00,10.5,,.5,270,93,,,,,,,,,,,,,,,,,,,,
108,1952-10-29 06:00,6,,.5,50,100,,,,,,,,,,,,,,,,,,,,
108,1952-10-29 14:00,15.5,,.5,320,70,,,,,,,,,,,,,,,,,,,,
108,1952-10-29 22:00,12,,.5,320,93,,,,,,,,,,,,,,,,,,,,
108,1952-10-30 06:00,7.7,,0,50,100,,,,,,,,,,,,,,,,,,,,
108,1952-10-30 14:00,18.6,,.5,270,60,,,,,,,,,,,,,,,,,,,,
108,1952-10-30 22:00,12.7,,.5,230,91,,,,,,,,,,,,,,,,,,,,
108,1952-10-31 06:00,11.5,,0,50,96,,,,,,,,,,,,,,,,,,,,
108,1952-10-31 14:00,14.6,,.5,320,93,,,,,,,,,,,,,,,,,,,,
108,1952-10-31 22:00,10,,.5,50,83,,,,,,,,,,,,,,,,,,,,
108,1952-11-01 06:00,3.8,,0,90,95,,,,,,,,,,,,,,,,,,,,
108,1952-11-01 14:00,17,,.5,140,47,,,,,,,,,,,,,,,,,,,,
108,1952-11-01 22:00,9.6,,.5,270,85,,,,,,,,,,,,,,,,,,,,
108,1952-11-02 06:00,6.5,,.5,50,92,,,,,,,,,,,,,,,,,,,,
108,1952-11-02 14:00,17.4,,.5,230,61,,,,,,,,,,,,,,,,,,,,
108,1952-11-02 22:00,9.5,,0,90,87,,,,,,,,,,,,,,,,,,,,
108,1952-11-03 06:00,4.7,,.5,50,91,,,,,,,,,,,,,,,,,,,,
108,1952-11-03 14:00,18,,.5,230,61,,,,,,,,,,,,,,,,,,,,
108,1952-11-03 22:00,10,,0,50,93,,,,,,,,,,,,,,,,,,,,
108,1952-11-04 06:00,6,,.5,50,100,,,,,,,,,,,,,,,,,,,,
108,1952-11-04 14:00,17.8,,.5,320,61,,,,,,,,,,,,,,,,,,,,
108,1952-11-04 22:00,11.3,,0,50,90,,,,,,,,,,,,,,,,,,,,
108,1952-11-05 06:00,7,,.5,50,92,,,,,,,,,,,,,,,,,,,,
108,1952-11-05 14:00,20,,.8,270,68,,,,,,,,,,,,,,,,,,,,
108,1952-11-05 22:00,11,,1.5,320,68,,,,,,,,,,,,,,,,,,,,
108,1952-11-06 06:00,2.2,,.5,50,77,,,,,,,,,,,,,,,,,,,,
108,1952-11-06 14:00,10.5,,.8,270,56,,,,,,,,,,,,,,,,,,,,
108,1952-11-06 22:00,5,,.5,50,67,,,,,,,,,,,,,,,,,,,,
108,1952-11-07 06:00,2.5,,.8,50,90,,,,,,,,,,,,,,,,,,,,
108,1952-11-07 14:00,7.5,,.5,320,72,,,,,,,,,,,,,,,,,,,,
108,1952-11-07 22:00,6,,.5,50,84,,,,,,,,,,,,,,,,,,,,
108,1952-11-08 06:00,1.5,,.5,50,90,,,,,,,,,,,,,,,,,,,,
108,1952-11-08 14:00,12.4,,.8,230,45,,,,,,,,,,,,,,,,,,,,
108,1952-11-08 22:00,5.8,,.5,50,71,,,,,,,,,,,,,,,,,,,,
108,1952-11-09 06:00,5,,.5,50,83,,,,,,,,,,,,,,,,,,,,
108,1952-11-09 14:00,16.5,,2.5,180,57,,,,,,,,,,,,,,,,,,,,
108,1952-11-09 22:00,9,,.5,180,68,,,,,,,,,,,,,,,,,,,,
108,1952-11-10 06:00,5.5,,.5,50,84,,,,,,,,,,,,,,,,,,,,
108,1952-11-10 14:00,19.5,,.5,180,46,,,,,,,,,,,,,,,,,,,,
108,1952-11-10 22:00,11.5,,.1,270,68,,,,,,,,,,,,,,,,,,,,
108,1952-11-11 06:00,8,,.6,50,94,,,,,,,,,,,,,,,,,,,,
108,1952-11-11 14:00,11.5,,.2,50,99,,,,,,,,,,,,,,,,,,,,
108,1952-11-11 22:00,9.8,,0,0,91,,,,,,,,,,,,,,,,,,,,
108,1952-11-12 06:00,8.2,,.1,160,95,,,,,,,,,,,,,,,,,,,,
108,1952-11-12 14:00,12.5,,.5,50,69,,,,,,,,,,,,,,,,,,,,
108,1952-11-12 22:00,7.7,,.2,340,78,,,,,,,,,,,,,,,,,,,,
108,1952-11-13 06:00,5.5,,.2,90,84,,,,,,,,,,,,,,,,,,,,
108,1952-11-13 14:00,12.5,,.8,90,58,,,,,,,,,,,,,,,,,,,,
108,1952-11-13 22:00,9,,1.5,50,67,,,,,,,,,,,,,,,,,,,,
108,1952-11-14 06:00,7.3,,.5,50,80,,,,,,,,,,,,,,,,,,,,
108,1952-11-14 14:00,8.5,,.5,50,92,,,,,,,,,,,,,,,,,,,,
108,1952-11-14 22:00,7,,.5,230,100,,,,,,,,,,,,,,,,,,,,
108,1952-11-15 06:00,2.5,,0,90,100,,,,,,,,,,,,,,,,,,,,
108,1952-11-15 14:00,9.5,,.5,320,79,,,,,,,,,,,,,,,,,,,,
108,1952-11-15 22:00,5,,0,50,91,,,,,,,,,,,,,,,,,,,,
108,1952-11-16 06:00,1.3,,.5,140,100,,,,,,,,,,,,,,,,,,,,
108,1952-11-16 14:00,8,,.8,320,65,,,,,,,,,,,,,,,,,,,,
108,1952-11-16 22:00,4.3,,.8,320,95,,,,,,,,,,,,,,,,,,,,
108,1952-11-17 06:00,4.3,,.5,320,100,,,,,,,,,,,,,,,,,,,,
108,1952-11-17 14:00,9.5,,.8,320,61,,,,,,,,,,,,,,,,,,,,
108,1952-11-17 22:00,2.5,,.8,270,64,,,,,,,,,,,,,,,,,,,,
108,1952-11-18 06:00,0,,.5,360,60,,,,,,,,,,,,,,,,,,,,
108,1952-11-18 14:00,4,,.8,230,44,,,,,,,,,,,,,,,,,,,,
108,1952-11-18 22:00,1.5,,.5,230,54,,,,,,,,,,,,,,,,,,,,
108,1952-11-19 06:00,-1,,.5,230,64,,,,,,,,,,,,,,,,,,,,
108,1952-11-19 14:00,4.5,,.8,320,78,,,,,,,,,,,,,,,,,,,,
108,1952-11-19 22:00,-.2,,0,270,65,,,,,,,,,,,,,,,,,,,,
108,1952-11-20 06:00,-1.6,,.5,50,69,,,,,,,,,,,,,,,,,,,,
108,1952-11-20 14:00,8.1,,.5,270,52,,,,,,,,,,,,,,,,,,,,
108,1952-11-20 22:00,.5,,.5,270,81,,,,,,,,,,,,,,,,,,,,
108,1952-11-21 06:00,-1.9,,.5,320,75,,,,,,,,,,,,,,,,,,,,
108,1952-11-21 14:00,9,,.8,230,59,,,,,,,,,,,,,,,,,,,,
108,1952-11-21 22:00,4.2,,.5,140,73,,,,,,,,,,,,,,,,,,,,
108,1952-11-22 06:00,-1.5,,0,50,89,,,,,,,,,,,,,,,,,,,,
108,1952-11-22 14:00,9.3,,.5,140,53,,,,,,,,,,,,,,,,,,,,
108,1952-11-22 22:00,4.5,,.8,270,62,,,,,,,,,,,,,,,,,,,,
108,1952-11-23 06:00,1,,.5,50,90,,,,,,,,,,,,,,,,,,,,
108,1952-11-23 14:00,10,,.5,140,67,,,,,,,,,,,,,,,,,,,,
108,1952-11-23 22:00,6,,0,230,71,,,,,,,,,,,,,,,,,,,,
108,1952-11-24 06:00,7.1,,.5,50,83,,,,,,,,,,,,,,,,,,,,
108,1952-11-24 14:00,8.7,,.5,50,83,,,,,,,,,,,,,,,,,,,,
108,1952-11-24 22:00,7.2,,.8,50,78,,,,,,,,,,,,,,,,,,,,
108,1952-11-25 06:00,6.8,,.5,50,66,,,,,,,,,,,,,,,,,,,,
108,1952-11-25 14:00,13.6,,.5,50,64,,,,,,,,,,,,,,,,,,,,
108,1952-11-25 22:00,7.2,,.5,340,78,,,,,,,,,,,,,,,,,,,,
108,1952-11-26 06:00,4.5,,.5,50,85,,,,,,,,,,,,,,,,,,,,
108,1952-11-26 14:00,13,,.5,50,64,,,,,,,,,,,,,,,,,,,,
108,1952-11-26 22:00,10.2,,.5,320,78,,,,,,,,,,,,,,,,,,,,
108,1952-11-27 06:00,8.6,,.5,50,97,,,,,,,,,,,,,,,,,,,,
108,1952-11-27 14:00,10.8,,.5,50,89,,,,,,,,,,,,,,,,,,,,
108,1952-11-27 22:00,9.2,,0,50,97,,,,,,,,,,,,,,,,,,,,
108,1952-11-28 06:00,7.3,,0,50,100,,,,,,,,,,,,,,,,,,,,
108,1952-11-28 14:00,15.8,,.5,90,62,,,,,,,,,,,,,,,,,,,,
108,1952-11-28 22:00,10.2,,.5,320,75,,,,,,,,,,,,,,,,,,,,
108,1952-11-29 06:00,4.8,,.5,50,95,,,,,,,,,,,,,,,,,,,,
108,1952-11-29 14:00,14.6,,.5,270,55,,,,,,,,,,,,,,,,,,,,
108,1952-11-29 22:00,8.2,,0,50,82,,,,,,,,,,,,,,,,,,,,
108,1952-11-30 06:00,5.3,,.5,90,95,,,,,,,,,,,,,,,,,,,,
108,1952-11-30 14:00,12.6,,.5,230,66,,,,,,,,,,,,,,,,,,,,
108,1952-11-30 22:00,6,,.8,230,78,,,,,,,,,,,,,,,,,,,,
108,1952-12-01 06:00,4.3,,0,50,95,,,,,,,,,,,,,,,,,,,,
108,1952-12-01 14:00,8.4,,.5,320,77,,,,,,,,,,,,,,,,,,,,
108,1952-12-01 22:00,.6,,2.5,230,100,,,,,,,,,,,,,,,,,,,,
108,1952-12-02 06:00,-4.4,,2.5,320,83,,,,,,,,,,,,,,,,,,,,
108,1952-12-02 14:00,-6.2,,2.5,270,94,,,,,,,,,,,,,,,,,,,,
108,1952-12-02 22:00,-12,,.8,320,89,,,,,,,,,,,,,,,,,,,,
108,1952-12-03 06:00,-14,,.5,320,88,,,,,,,,,,,,,,,,,,,,
108,1952-12-03 14:00,-8.5,,.8,320,76,,,,,,,,,,,,,,,,,,,,
108,1952-12-03 22:00,-9.8,,.8,360,92,,,,,,,,,,,,,,,,,,,,
108,1952-12-04 06:00,-11.8,,.5,320,91,,,,,,,,,,,,,,,,,,,,
108,1952-12-04 14:00,-6.8,,.8,320,87,,,,,,,,,,,,,,,,,,,,
108,1952-12-04 22:00,-9.7,,.5,320,62,,,,,,,,,,,,,,,,,,,,
108,1952-12-05 06:00,-11.2,,.5,320,61,,,,,,,,,,,,,,,,,,,,
108,1952-12-05 14:00,-3.6,,.5,320,63,,,,,,,,,,,,,,,,,,,,
108,1952-12-05 22:00,-5.2,,.5,50,65,,,,,,,,,,,,,,,,,,,,
108,1952-12-06 06:00,-6.4,,.5,180,70,,,,,,,,,,,,,,,,,,,,
108,1952-12-06 14:00,-1.5,,.5,320,87,,,,,,,,,,,,,,,,,,,,
108,1952-12-06 22:00,-5.8,,.5,320,88,,,,,,,,,,,,,,,,,,,,
108,1952-12-07 06:00,-5.7,,0,50,100,,,,,,,,,,,,,,,,,,,,
108,1952-12-07 14:00,-.4,,.8,270,85,,,,,,,,,,,,,,,,,,,,
108,1952-12-07 22:00,-5.8,,.5,270,94,,,,,,,,,,,,,,,,,,,,
108,1952-12-08 06:00,-7,,.5,50,87,,,,,,,,,,,,,,,,,,,,
108,1952-12-08 14:00,.3,,.5,140,85,,,,,,,,,,,,,,,,,,,,
108,1952-12-08 22:00,-4,,.5,50,88,,,,,,,,,,,,,,,,,,,,
108,1952-12-09 06:00,-6,,.5,320,76,,,,,,,,,,,,,,,,,,,,
108,1952-12-09 14:00,.3,,.5,320,81,,,,,,,,,,,,,,,,,,,,
108,1952-12-09 22:00,-1,,.5,270,87,,,,,,,,,,,,,,,,,,,,
108,1952-12-10 06:00,-4.6,,.5,360,83,,,,,,,,,,,,,,,,,,,,
108,1952-12-10 14:00,2.8,,.8,270,86,,,,,,,,,,,,,,,,,,,,
108,1952-12-10 22:00,-2,,.5,270,80,,,,,,,,,,,,,,,,,,,,
108,1952-12-11 06:00,-5.8,,.5,50,82,,,,,,,,,,,,,,,,,,,,
108,1952-12-11 14:00,5,,.5,140,86,,,,,,,,,,,,,,,,,,,,
108,1952-12-11 22:00,-1.4,,.5,270,70,,,,,,,,,,,,,,,,,,,,
108,1952-12-12 06:00,-5.5,,.5,50,57,,,,,,,,,,,,,,,,,,,,
108,1952-12-12 14:00,5,,.5,360,88,,,,,,,,,,,,,,,,,,,,
108,1952-12-12 22:00,-.5,,.5,90,88,,,,,,,,,,,,,,,,,,,,
108,1952-12-13 06:00,-3.8,,.5,50,75,,,,,,,,,,,,,,,,,,,,
108,1952-12-13 14:00,7.3,,0,270,92,,,,,,,,,,,,,,,,,,,,
108,1952-12-13 22:00,1,,.5,360,90,,,,,,,,,,,,,,,,,,,,
108,1952-12-14 06:00,-3.7,,.5,50,70,,,,,,,,,,,,,,,,,,,,
108,1952-12-14 14:00,7.7,,.5,140,89,,,,,,,,,,,,,,,,,,,,
108,1952-12-14 22:00,2.5,,.8,140,94,,,,,,,,,,,,,,,,,,,,
108,1952-12-15 06:00,1.5,,.8,320,98,,,,,,,,,,,,,,,,,,,,
108,1952-12-15 14:00,2,,.8,320,81,,,,,,,,,,,,,,,,,,,,
108,1952-12-15 22:00,-1.5,,.5,270,92,,,,,,,,,,,,,,,,,,,,
108,1952-12-16 06:00,-4,,.5,320,78,,,,,,,,,,,,,,,,,,,,
108,1952-12-16 14:00,.5,,.5,270,61,,,,,,,,,,,,,,,,,,,,
108,1952-12-16 22:00,-1.8,,.5,140,75,,,,,,,,,,,,,,,,,,,,
108,1952-12-17 06:00,-3,,.5,50,69,,,,,,,,,,,,,,,,,,,,
108,1952-12-17 14:00,3,,.5,320,82,,,,,,,,,,,,,,,,,,,,
108,1952-12-17 22:00,-1,,.5,270,66,,,,,,,,,,,,,,,,,,,,
108,1952-12-18 06:00,-5.7,,.5,320,85,,,,,,,,,,,,,,,,,,,,
108,1952-12-18 14:00,-1.2,,.8,270,62,,,,,,,,,,,,,,,,,,,,
108,1952-12-18 22:00,-5.7,,.5,270,57,,,,,,,,,,,,,,,,,,,,
108,1952-12-19 06:00,-3.5,,.5,320,94,,,,,,,,,,,,,,,,,,,,
108,1952-12-19 14:00,-1,,.8,320,66,,,,,,,,,,,,,,,,,,,,
108,1952-12-19 22:00,-6,,.5,270,76,,,,,,,,,,,,,,,,,,,,
108,1952-12-20 06:00,-8.7,,.5,50,75,,,,,,,,,,,,,,,,,,,,
108,1952-12-20 14:00,0,,.5,140,46,,,,,,,,,,,,,,,,,,,,
108,1952-12-20 22:00,-2.8,,.5,50,54,,,,,,,,,,,,,,,,,,,,
108,1952-12-21 06:00,-8,,0,270,74,,,,,,,,,,,,,,,,,,,,
108,1952-12-21 14:00,-3,,.8,230,59,,,,,,,,,,,,,,,,,,,,
108,1952-12-21 22:00,-6,,.5,320,73,,,,,,,,,,,,,,,,,,,,
108,1952-12-22 06:00,-5,,.5,50,29,,,,,,,,,,,,,,,,,,,,
108,1952-12-22 14:00,5,,4.7,320,86,,,,,,,,,,,,,,,,,,,,
108,1952-12-22 22:00,.4,,.5,320,96,,,,,,,,,,,,,,,,,,,,
108,1952-12-23 06:00,-4.2,,0,50,52,,,,,,,,,,,,,,,,,,,,
108,1952-12-23 14:00,4.5,,.5,50,83,,,,,,,,,,,,,,,,,,,,
108,1952-12-23 22:00,-.8,,.5,90,95,,,,,,,,,,,,,,,,,,,,
108,1952-12-24 06:00,-3.5,,.5,320,86,,,,,,,,,,,,,,,,,,,,
108,1952-12-24 14:00,3,,.8,270,75,,,,,,,,,,,,,,,,,,,,
108,1952-12-24 22:00,-2.2,,.8,270,56,,,,,,,,,,,,,,,,,,,,
108,1952-12-25 06:00,-6.4,,.5,270,53,,,,,,,,,,,,,,,,,,,,
108,1952-12-25 14:00,-1.8,,.8,320,61,,,,,,,,,,,,,,,,,,,,
108,1952-12-25 22:00,-7.5,,.8,270,60,,,,,,,,,,,,,,,,,,,,
108,1952-12-26 06:00,-10.5,,.5,140,46,,,,,,,,,,,,,,,,,,,,
108,1952-12-26 14:00,-3,,.5,320,55,,,,,,,,,,,,,,,,,,,,
108,1952-12-26 22:00,-5.5,,.5,140,63,,,,,,,,,,,,,,,,,,,,
108,1952-12-27 06:00,-6,,.5,50,87,,,,,,,,,,,,,,,,,,,,
108,1952-12-27 14:00,-4,,.8,320,68,,,,,,,,,,,,,,,,,,,,
108,1952-12-27 22:00,-8.2,,.5,270,49,,,,,,,,,,,,,,,,,,,,
108,1952-12-28 06:00,-13,,.5,50,27,,,,,,,,,,,,,,,,,,,,
108,1952-12-28 14:00,-2.2,,.5,270,69,,,,,,,,,,,,,,,,,,,,
108,1952-12-28 22:00,-6.9,,.5,50,66,,,,,,,,,,,,,,,,,,,,
108,1952-12-29 06:00,-6.5,,.5,50,55,,,,,,,,,,,,,,,,,,,,
108,1952-12-29 14:00,-.5,,.5,90,76,,,,,,,,,,,,,,,,,,,,
108,1952-12-29 22:00,1.2,,.5,50,96,,,,,,,,,,,,,,,,,,,,
108,1952-12-30 06:00,.3,,.5,140,65,,,,,,,,,,,,,,,,,,,,
108,1952-12-30 14:00,5.4,,.8,270,93,,,,,,,,,,,,,,,,,,,,
108,1952-12-30 22:00,1,,.8,320,54,,,,,,,,,,,,,,,,,,,,
108,1952-12-31 06:00,-5.4,,.5,50,55,,,,,,,,,,,,,,,,,,,,
108,1952-12-31 14:00,5.5,,.5,320,79,,,,,,,,,,,,,,,,,,,,
108,1952-12-31 22:00,-3.4,,10,320,59,,,,,,,,,,,,,,,,,,,,
